Title_URL,brand,Name_URL,Name,Description,product_in_stock,Price,primarybtn
PART# 23608,SIMPSON RACING,https://www.simpsonraceproducts.com/products/apparel_and_collectibles/bags/parts/23608,SIMPSON RACING ROAD BAG 23,"CLEARANCE ITEM / ALL SALES FINAL - Exterior dimensions: approx. 14.5"" x 21"" x 10""",In Stock,,ADD TO CART
PART# 23403,SIMPSON RACING,https://www.simpsonraceproducts.com/products/apparel_and_collectibles/bags/parts/23403,SIMPSON RACING SUPER SPEEDWAY ROLLER BAG,"Dimensions: 33.5"" L X 18"" W X 16.5"" H",In Stock,,ADD TO CART
PART# 23405,SIMPSON RACING,https://www.simpsonraceproducts.com/products/apparel_and_collectibles/bags/parts/23405,SIMPSON RACING HELMET AND FHR BAG,"For Helmets, FHRs, and other accessories",In Stock,,ADD TO CART
PART# 23605,SIMPSON RACING,https://www.simpsonraceproducts.com/products/apparel_and_collectibles/bags/parts/23605,SIMPSON RACING HELMET AND FHR BAG 23,"CLEARANCE ITEM / ALL SALES FINAL - Exterior dimensions: approx. 15"" x 12.5"" x 11.25""",In Stock,,ADD TO CART
PART# 2130001,SIMPSON RACING,https://www.simpsonraceproducts.com/products/apparel_and_collectibles/memorabilia_autograph_helmet/parts/2130001,SIMPSON RACING MEMORABILIA AUTOGRAPH HELMET,Autograph Helmet - White,In Stock,,ADD TO CART
PART# YY0061,STILO,https://www.simpsonraceproducts.com/products/apparel_and_collectibles/bags/parts/YY0061,STILO HELMET BAG 2024,Helmet Bag,In Stock,$113.00,ADD TO CART
PART# 44109L,SIMPSON RACING,https://www.simpsonraceproducts.com/products/apparel_and_collectibles/hoodies/parts/44109L,SIMPSON RACING ORIGINAL HOODIE,Hoodie - Simpson Original,,$65.95,
PART# 45019X,SIMPSON RACING,https://www.simpsonraceproducts.com/products/apparel_and_collectibles/hoodies/racing_stripe_hoodie/parts/45019X,RACING STRIPES HOODIE XL,Pull-over Hoodie Extra Large,In Stock,$65.95,ADD TO CART
PART# 45019L,SIMPSON RACING,https://www.simpsonraceproducts.com/products/apparel_and_collectibles/hoodies/racing_stripe_hoodie/parts/45019L,RACING STRIPES HOODIE L,Pull-over Hoodie Large,In Stock,$65.95,ADD TO CART
PART# 23900,SIMPSON RACING,https://www.simpsonraceproducts.com/products/apparel_and_collectibles/bags/parts/23900,SIMPSON RACING DUAL SHIELD BAG,"For two helmet shields, with divider",In Stock,$8.73,ADD TO CART
PART# 44109XL,SIMPSON RACING,https://www.simpsonraceproducts.com/products/apparel_and_collectibles/hoodies/parts/44109XL,SIMPSON RACING ORIGINAL HOODIE,Hoodie - Simpson Original,In Stock,$65.95,ADD TO CART
PART# 23609,SIMPSON RACING,https://www.simpsonraceproducts.com/products/apparel_and_collectibles/bags/parts/23609,SIMPSON RACING SINGLE HELMET BAG 23,"Exterior dimensions: approx. 16.5"" x 6.5"" x 12.25""",In Stock,,ADD TO CART
PART# 44109XX,SIMPSON RACING,https://www.simpsonraceproducts.com/products/apparel_and_collectibles/hoodies/parts/44109XX,SIMPSON RACING ORIGINAL HOODIE,Hoodie - Simpson Original,In Stock,$65.95,ADD TO CART
PART# 45019M,SIMPSON RACING,https://www.simpsonraceproducts.com/products/apparel_and_collectibles/hoodies/racing_stripe_hoodie/parts/45019M,RACING STRIPES HOODIE M,Pull-over Hoodie Medium,In Stock,,ADD TO CART
PART# 45027B,SIMPSON RACING,https://www.simpsonraceproducts.com/products/apparel_and_collectibles/headwear/team_trucker_hats/parts/45027B,TEAM TRUCKER,Black - Snapback,In Stock,$24.95,ADD TO CART
PART# 44109M,SIMPSON RACING,https://www.simpsonraceproducts.com/products/apparel_and_collectibles/hoodies/parts/44109M,SIMPSON RACING ORIGINAL HOODIE,Hoodie - Simpson Original,In Stock,$65.95,ADD TO CART
PART# 45019XX,SIMPSON RACING,https://www.simpsonraceproducts.com/products/apparel_and_collectibles/hoodies/racing_stripe_hoodie/parts/45019XX,RACING STRIPES HOODIE XXL,Pull-over Hoodie Double Extra Large,In Stock,$65.95,ADD TO CART
PART# 45016L,SIMPSON RACING,https://www.simpsonraceproducts.com/products/apparel_and_collectibles/headwear/superstretch_hats/parts/45016L,SUPERSTRETCH HAT L/XL,Flexible fitted hat L/XL,,$27.45,
PART# 44109Z,SIMPSON RACING,https://www.simpsonraceproducts.com/products/apparel_and_collectibles/hoodies/parts/44109Z,SIMPSON RACING ORIGINAL HOODIE,Hoodie - Simpson Original,,$65.95,
PART# 45014X,SIMPSON RACING,https://www.simpsonraceproducts.com/products/apparel_and_collectibles/jackets/last_lap_jacket/parts/45014X,LAST LAP JACKET - XL,Jacket Extra Large - Men's,In Stock,$84.95,ADD TO CART
PART# 45021BK,SIMPSON RACING,https://www.simpsonraceproducts.com/products/apparel_and_collectibles/headwear/parts/45021BK,SIMPSON BEANIE BLACK,,In Stock,$21.99,ADD TO CART
PART# 45016S,SIMPSON RACING,https://www.simpsonraceproducts.com/products/apparel_and_collectibles/headwear/superstretch_hats/parts/45016S,SUPERSTRETCH HAT S/M,Flexible fitted hat S/M,,$27.45,
PART# 45025B,SIMPSON RACING,https://www.simpsonraceproducts.com/products/apparel_and_collectibles/headwear/rope_hats/parts/45025B,ROPE SNAPBACK,Black - Snapback,In Stock,$29.95,ADD TO CART
PART# 45019S,SIMPSON RACING,https://www.simpsonraceproducts.com/products/apparel_and_collectibles/hoodies/racing_stripe_hoodie/parts/45019S,RACING STRIPES HOODIE SM,Pull-over Hoodie Small,In Stock,,ADD TO CART
PART# 45019Z,SIMPSON RACING,https://www.simpsonraceproducts.com/products/apparel_and_collectibles/hoodies/racing_stripe_hoodie/parts/45019Z,RACING STRIPES HOODIE XXXL,Pull-over Hoodie Triple Extra Large,In Stock,$65.95,ADD TO CART
PART# 45003X,SIMPSON RACING,https://www.simpsonraceproducts.com/products/apparel_and_collectibles/shirts/staging_tee/parts/45003X,STAGING T - XL,Extra Large Short Sleeve T-Shirt,,$28.55,
PART# 45003L,SIMPSON RACING,https://www.simpsonraceproducts.com/products/apparel_and_collectibles/shirts/staging_tee/parts/45003L,STAGING T - L,Large Short Sleeve T-Shirt,,$28.55,
PART# 45023X,SIMPSON RACING,https://www.simpsonraceproducts.com/products/apparel_and_collectibles/shirts/military_tee/parts/45023X,SIMPSON RACING MILITARY TEE,Xtra Large - Heather Green,In Stock,$25.95,ADD TO CART
PART# 45023L,SIMPSON RACING,https://www.simpsonraceproducts.com/products/apparel_and_collectibles/shirts/military_tee/parts/45023L,SIMPSON RACING MILITARY TEE,Large - Heather Green,In Stock,$25.95,ADD TO CART
PART# 44109S,SIMPSON RACING,https://www.simpsonraceproducts.com/products/apparel_and_collectibles/hoodies/parts/44109S,SIMPSON RACING ORIGINAL HOODIE,Hoodie - Simpson Original,In Stock,$65.95,ADD TO CART
PART# 44018X,SIMPSON RACING,https://www.simpsonraceproducts.com/products/apparel_and_collectibles/shirts/flag_tee/parts/44018X,SIMPSON RACING USA FLAG TEE,Xtra Large - Black,In Stock,,ADD TO CART
PART# 45015G,SIMPSON RACING,https://www.simpsonraceproducts.com/products/apparel_and_collectibles/headwear/hardware_hats/parts/45015G,HARDWARE HAT GOLD SNAP-BACK,Snap-Back Black/Gold,In Stock,,ADD TO CART
PART# 36-518,SIMPSON RACING,https://www.simpsonraceproducts.com/products/apparel_and_collectibles/drinkware/parts/36-518,16OZ GLASSES W/SIMPSON LOGO-4PK,CLEARANCE ITEM / ALL SALES FINAL - 16OZ GLASSES W/SIMPSON LOGO-4PK,In Stock,,ADD TO CART
PART# 39018LG,SIMPSON RACING,https://www.simpsonraceproducts.com/products/apparel_and_collectibles/shirts/sonoma_performance_crew_shirt/parts/39018LG,SIMPSON RACING SONOMA PERFORMANCE CREW SHIRT,CLEARANCE ITEM / ALL SALES FINAL - Large - Black / Gray,In Stock,,ADD TO CART
PART# 45003XX,SIMPSON RACING,https://www.simpsonraceproducts.com/products/apparel_and_collectibles/shirts/staging_tee/parts/45003XX,STAGING T - XXL,Double Extra Large Short Sleeve T-Shirt,In Stock,$28.55,ADD TO CART
PART# 45014M,SIMPSON RACING,https://www.simpsonraceproducts.com/products/apparel_and_collectibles/jackets/last_lap_jacket/parts/45014M,LAST LAP JACKET - M,Jacket Medium - Men's,In Stock,,ADD TO CART
PART# 45006X,SIMPSON RACING,https://www.simpsonraceproducts.com/products/apparel_and_collectibles/shirts/superior_tee/parts/45006X,SUPERIOR T - XL,Extra Large Short Sleeve T-Shirt,In Stock,,ADD TO CART
PART# SIGNAUTO,SIMPSON RACING,https://www.simpsonraceproducts.com/products/apparel_and_collectibles/metal_signs/parts/SIGNAUTO,SIMPSON RACING EMBOSSED ALUMINUM SIMPSON SIGN,Red / White,,$24.95,
PART# 45007L,SIMPSON RACING,https://www.simpsonraceproducts.com/products/apparel_and_collectibles/shirts/skull_cap_tee/parts/45007L,SKULL CAP T - L,Large Short Sleeve T-Shirt,In Stock,,ADD TO CART
PART# SIGNMOTO,SIMPSON MOTORCYCLE,https://www.simpsonraceproducts.com/products/apparel_and_collectibles/metal_signs/parts/SIGNMOTO,SIMPSON RACING EMBOSSED ALUMINUM SIMPSON SIGN,CLEARANCE ITEM / ALL SALES FINAL - Black / White,,$24.95,
PART# 45026MG,SIMPSON RACING,https://www.simpsonraceproducts.com/products/apparel_and_collectibles/hoodies/simpson_race_hoodie/parts/45026MG,SIMPSON RACE PRODUCTS HOODIE,Medium - Gray,In Stock,$49.95,ADD TO CART
PART# 45023XX,SIMPSON RACING,https://www.simpsonraceproducts.com/products/apparel_and_collectibles/shirts/military_tee/parts/45023XX,SIMPSON RACING MILITARY TEE,XXtra Large - Heather Green,In Stock,$25.95,ADD TO CART
PART# 44018XB,SIMPSON RACING,https://www.simpsonraceproducts.com/products/apparel_and_collectibles/shirts/flag_tee/parts/44018XB,SIMPSON RACING USA FLAG TEE,Xtra Large - Blue,In Stock,,ADD TO CART
PART# 45014L,SIMPSON RACING,https://www.simpsonraceproducts.com/products/apparel_and_collectibles/jackets/last_lap_jacket/parts/45014L,LAST LAP JACKET - L,Jacket Large - Men's,In Stock,,ADD TO CART
PART# 45026LG,SIMPSON RACING,https://www.simpsonraceproducts.com/products/apparel_and_collectibles/hoodies/simpson_race_hoodie/parts/45026LG,SIMPSON RACE PRODUCTS HOODIE,Large - Gray,In Stock,$49.95,ADD TO CART
PART# 45020X,SIMPSON RACING,https://www.simpsonraceproducts.com/products/apparel_and_collectibles/shirts/parts/45020X,RACE CITY USA T-SHIRT XL,,In Stock,$28.55,ADD TO CART
PART# 45008L,SIMPSON RACING,https://www.simpsonraceproducts.com/products/apparel_and_collectibles/shirts/eye_race_tee/parts/45008L,EYE RACE T - L,Large Short Sleeve T-Shirt,In Stock,,ADD TO CART
PART# 45020L,SIMPSON RACING,https://www.simpsonraceproducts.com/products/apparel_and_collectibles/shirts/parts/45020L,RACE CITY USA T-SHIRT L,,In Stock,$28.55,ADD TO CART
PART# 45027G,SIMPSON RACING,https://www.simpsonraceproducts.com/products/apparel_and_collectibles/headwear/team_trucker_hats/parts/45027G,TEAM TRUCKER,Gray - Snapback,In Stock,$24.95,ADD TO CART
PART# 45017S,SIMPSON RACING,https://www.simpsonraceproducts.com/products/apparel_and_collectibles/headwear/airspeed_hats/parts/45017S,AIRSPEED HAT S/M,Flexible fitted hat S/M,In Stock,,ADD TO CART
PART# 44018L,SIMPSON RACING,https://www.simpsonraceproducts.com/products/apparel_and_collectibles/shirts/flag_tee/parts/44018L,SIMPSON RACING USA FLAG TEE,Large - Black,In Stock,,ADD TO CART
PART# 45026XB,SIMPSON RACING,https://www.simpsonraceproducts.com/products/apparel_and_collectibles/hoodies/simpson_race_hoodie/parts/45026XB,SIMPSON RACE PRODUCTS HOODIE,Xtra Large - Black,In Stock,$49.95,ADD TO CART
PART# 45007X,SIMPSON RACING,https://www.simpsonraceproducts.com/products/apparel_and_collectibles/shirts/skull_cap_tee/parts/45007X,SKULL CAP T - XL,Extra Large Short Sleeve T-Shirt,In Stock,,ADD TO CART
PART# 45013X,SIMPSON RACING,https://www.simpsonraceproducts.com/products/apparel_and_collectibles/jackets/fast_lap_windbreaker/parts/45013X,FAST LAP WINDBREAKER - XL,Windbreaker Extra Large - Men's,In Stock,,ADD TO CART
PART# 45005L,SIMPSON RACING,https://www.simpsonraceproducts.com/products/apparel_and_collectibles/shirts/fast_times_tee/parts/45005L,FAST TIMES T - L,Large Short Sleeve T-Shirt,In Stock,$28.55,ADD TO CART
PART# 45026LB,SIMPSON RACING,https://www.simpsonraceproducts.com/products/apparel_and_collectibles/hoodies/simpson_race_hoodie/parts/45026LB,SIMPSON RACE PRODUCTS HOODIE,Large - Black,In Stock,$49.95,ADD TO CART
PART# MH2302,STILO,https://www.simpsonraceproducts.com/products/apparel_and_collectibles/memorabilia_autograph_helmet/parts/MH2302,ST5 MINI HELMET- VALTTERI BOTTAS 2023 MULLET LIVERY,Introducing our 1:2 scale miniature Stilo Helmets featuring Valtteri Bottas Alfa Romeo F1 Team Stake (Bahrein LIMITED EDITION) Livery.,In Stock,,ADD TO CART
PART# 45026XG,SIMPSON RACING,https://www.simpsonraceproducts.com/products/apparel_and_collectibles/hoodies/simpson_race_hoodie/parts/45026XG,SIMPSON RACE PRODUCTS HOODIE,Xtra Large - Gray,In Stock,$49.95,ADD TO CART
PART# 45026XXG,SIMPSON RACING,https://www.simpsonraceproducts.com/products/apparel_and_collectibles/hoodies/simpson_race_hoodie/parts/45026XXG,SIMPSON RACE PRODUCTS HOODIE,XXtra Large - Gray,In Stock,$49.95,ADD TO CART
PART# 45013L,SIMPSON RACING,https://www.simpsonraceproducts.com/products/apparel_and_collectibles/jackets/fast_lap_windbreaker/parts/45013L,FAST LAP WINDBREAKER - L,Windbreaker Large - Men's,In Stock,,ADD TO CART
PART# DOGLEA-L,SIMPSON RACING,https://www.simpsonraceproducts.com/products/apparel_and_collectibles/dog_leash/parts/DOGLEA-L,DOG LEASH,Dog Leash - Large,In Stock,$23.05,ADD TO CART
PART# MH2303,STILO,https://www.simpsonraceproducts.com/products/apparel_and_collectibles/memorabilia_autograph_helmet/parts/MH2303,ST5 MINI HELMET- LANCE STROLL / ASTON MARTIN 2023 REGULAR SEASON LIVERY,Introducing our 1:2 scale miniature Stilo Helmets featuring Lance Stroll's - Aston Martin F.1  Livery. These mini replicas capture the essence of Stilo's top-notch helmet designs in a compact form.,In Stock,,ADD TO CART
PART# 45023M,SIMPSON RACING,https://www.simpsonraceproducts.com/products/apparel_and_collectibles/shirts/military_tee/parts/45023M,SIMPSON RACING MILITARY TEE,Medium - Heather Green,In Stock,$25.95,ADD TO CART
PART# 45012L,SIMPSON RACING,https://www.simpsonraceproducts.com/products/apparel_and_collectibles/ladies_apparel/ladies_staging_hoodie/parts/45012L,LADIES STAGING HOODIE - L,Ladies zip-up Hoodie Large,In Stock,,ADD TO CART
PART# 45003M,SIMPSON RACING,https://www.simpsonraceproducts.com/products/apparel_and_collectibles/shirts/staging_tee/parts/45003M,STAGING T - MD,Medium Short Sleeve T-Shirt,In Stock,$28.55,ADD TO CART
PART# 45002X,SIMPSON RACING,https://www.simpsonraceproducts.com/products/apparel_and_collectibles/shirts/gasoline_alley_tee/parts/45002X,GASOLINE ALLEY T - XL,Extra Large Short Sleeve T-Shirt,In Stock,,ADD TO CART
PART# MH2301,STILO,https://www.simpsonraceproducts.com/products/apparel_and_collectibles/memorabilia_autograph_helmet/parts/MH2301,ST5 MINI HELMET- VALTTERI BOTTAS 2023 REGULAR SEASON LIVERY,Introducing our 1:2 scale miniature Stilo Helmets featuring Valtteri Botta's Alfa Romeo F1 Team Stake Livery.,In Stock,$276.00,ADD TO CART
PART# 45006L,SIMPSON RACING,https://www.simpsonraceproducts.com/products/apparel_and_collectibles/shirts/superior_tee/parts/45006L,SUPERIOR T - L,Large Short Sleeve T-Shirt,In Stock,,ADD TO CART
PART# 45018L,SIMPSON RACING,https://www.simpsonraceproducts.com/products/apparel_and_collectibles/hoodies/gas_globe_hoodie/parts/45018L,GAS GLOBE HOODIE L,Zip-up Hoodie Large,In Stock,,ADD TO CART
PART# ORBGRZRF18K,SIMPSON RACING,https://www.simpsonraceproducts.com/products/apparel_and_collectibles/bags/parts/ORBGRZRF18K,SIMPSON UTV DOOR BAGS (PAIR) FOR POLARIS RZR XP,Fits Polaris RZR XP,In Stock,,ADD TO CART
PART# 45022X,SIMPSON RACING,https://www.simpsonraceproducts.com/products/apparel_and_collectibles/shirts/social_media_tee/parts/45022X,SIMPSON RACING SOCIAL MEDIA TEE,Xtra Large - Black,In Stock,$25.95,ADD TO CART
PART# 36-528,SIMPSON RACING,https://www.simpsonraceproducts.com/products/apparel_and_collectibles/parts/36-528,SIMPSON BANNER 2 FT X 5 FT BLACK/RED/WHITE,2 Ft x 5 Ft Simpson vinyl banner,In Stock,$22.00,ADD TO CART
PART# 45012X,SIMPSON RACING,https://www.simpsonraceproducts.com/products/apparel_and_collectibles/ladies_apparel/ladies_staging_hoodie/parts/45012X,LADIES STAGING HOODIE - XL,Ladies zip-up Hoodie Extra Large,In Stock,,ADD TO CART
PART# 44018LB,SIMPSON RACING,https://www.simpsonraceproducts.com/products/apparel_and_collectibles/shirts/flag_tee/parts/44018LB,SIMPSON RACING USA FLAG TEE,Large - Blue,In Stock,,ADD TO CART
PART# 45005X,SIMPSON RACING,https://www.simpsonraceproducts.com/products/apparel_and_collectibles/shirts/fast_times_tee/parts/45005X,FAST TIMES T - XL,Extra Large Short Sleeve T-Shirt,In Stock,,ADD TO CART
PART# 45012M,SIMPSON RACING,https://www.simpsonraceproducts.com/products/apparel_and_collectibles/ladies_apparel/ladies_staging_hoodie/parts/45012M,LADIES STAGING HOODIE - M,Ladies zip-up Hoodie Medium,In Stock,,ADD TO CART
PART# 45014Z,SIMPSON RACING,https://www.simpsonraceproducts.com/products/apparel_and_collectibles/jackets/last_lap_jacket/parts/45014Z,LAST LAP JACKET - XXXL,Jacket Triple Extra Large - Men's,In Stock,,ADD TO CART
PART# 45008X,SIMPSON RACING,https://www.simpsonraceproducts.com/products/apparel_and_collectibles/shirts/eye_race_tee/parts/45008X,EYE RACE T - XL,Extra Large Short Sleeve T-Shirt,In Stock,,ADD TO CART
PART# 45013XX,SIMPSON RACING,https://www.simpsonraceproducts.com/products/apparel_and_collectibles/jackets/fast_lap_windbreaker/parts/45013XX,FAST LAP WINDBREAKER - XXL,Windbreaker Double Extra Large - Men's,In Stock,,ADD TO CART
PART# 45020M,SIMPSON RACING,https://www.simpsonraceproducts.com/products/apparel_and_collectibles/shirts/parts/45020M,RACE CITY USA T-SHIRT M,,In Stock,$28.55,ADD TO CART
PART# 44018ZB,SIMPSON RACING,https://www.simpsonraceproducts.com/products/apparel_and_collectibles/shirts/flag_tee/parts/44018ZB,SIMPSON RACING USA FLAG TEE,XXtra Large - Blue,In Stock,$28.55,ADD TO CART
PART# 45008XX,SIMPSON RACING,https://www.simpsonraceproducts.com/products/apparel_and_collectibles/shirts/eye_race_tee/parts/45008XX,EYE RACE T - XXL,Double Extra Large Short Sleeve T-Shirt,In Stock,,ADD TO CART
PART# 44018M,SIMPSON RACING,https://www.simpsonraceproducts.com/products/apparel_and_collectibles/shirts/flag_tee/parts/44018M,SIMPSON RACING USA FLAG TEE,Medium - Black,In Stock,,ADD TO CART
PART# MH2306,STILO,https://www.simpsonraceproducts.com/products/apparel_and_collectibles/memorabilia_autograph_helmet/parts/MH2306,ST5 MINI HELMET- WHITE,Introducing our 1:2 scale miniature Stilo Helmet. Coming in white you can customize or have drivers sign your helmet for future memories! These mini replicas capture the essence of Stilo's top-notch helmet designs in a compact form.,,$221.00,
PART# 45002L,SIMPSON RACING,https://www.simpsonraceproducts.com/products/apparel_and_collectibles/shirts/gasoline_alley_tee/parts/45002L,GASOLINE ALLEY T - LG,Large Short Sleeve T-Shirt,In Stock,,ADD TO CART
PART# 45007XX,SIMPSON RACING,https://www.simpsonraceproducts.com/products/apparel_and_collectibles/shirts/skull_cap_tee/parts/45007XX,SKULL CAP T - XXL,Double Extra Large Short Sleeve T-Shirt,In Stock,$28.55,ADD TO CART
PART# 45006XX,SIMPSON RACING,https://www.simpsonraceproducts.com/products/apparel_and_collectibles/shirts/superior_tee/parts/45006XX,SUPERIOR T - XXL,Double Extra Large Short Sleeve T-Shirt,In Stock,,ADD TO CART
PART# 45023Z,SIMPSON RACING,https://www.simpsonraceproducts.com/products/apparel_and_collectibles/shirts/military_tee/parts/45023Z,SIMPSON RACING MILITARY TEE,XXXtra Large - Heather Green,In Stock,$25.95,ADD TO CART
PART# 45005XX,SIMPSON RACING,https://www.simpsonraceproducts.com/products/apparel_and_collectibles/shirts/fast_times_tee/parts/45005XX,FAST TIMES T - XXL,Double Extra Large Short Sleeve T-Shirt,In Stock,,ADD TO CART
PART# 45020XX,SIMPSON RACING,https://www.simpsonraceproducts.com/products/apparel_and_collectibles/shirts/parts/45020XX,RACE CITY USA T-SHIRT XXL,,In Stock,$28.55,ADD TO CART
PART# 45004L,SIMPSON RACING,https://www.simpsonraceproducts.com/products/apparel_and_collectibles/shirts/bandit_tee/parts/45004L,THE BANDIT T - L,Large Short Sleeve T-Shirt,In Stock,,ADD TO CART
PART# 45011M,SIMPSON RACING,https://www.simpsonraceproducts.com/products/apparel_and_collectibles/ladies_apparel/ladies_hot_lap_tee/parts/45011M,LADIES HOT LAP T - M,Ladies Medium T-Shirt,In Stock,,ADD TO CART
PART# 45012S,SIMPSON RACING,https://www.simpsonraceproducts.com/products/apparel_and_collectibles/ladies_apparel/ladies_staging_hoodie/parts/45012S,LADIES STAGING HOODIE - SM,Ladies zip-up Hoodie Small,In Stock,,ADD TO CART
PART# TGSPLGS,SIMPSON RACING,https://www.simpsonraceproducts.com/products/apparel_and_collectibles/parts/TGSPLGS,SIMPSON STICKER LARGE,Large,In Stock,,ADD TO CART
PART# 45014XX,SIMPSON RACING,https://www.simpsonraceproducts.com/products/apparel_and_collectibles/jackets/last_lap_jacket/parts/45014XX,LAST LAP JACKET - XXL,Jacket Double Extra Large - Men's,In Stock,,ADD TO CART
PART# 45009S,SIMPSON RACING,https://www.simpsonraceproducts.com/products/apparel_and_collectibles/ladies_apparel/ladies_staging_tank/parts/45009S,LADIES STAGING TANK - SM,Ladies Small Tank Top,In Stock,,ADD TO CART
PART# 45010M,SIMPSON RACING,https://www.simpsonraceproducts.com/products/apparel_and_collectibles/ladies_apparel/ladies_racing_stripes_tee/parts/45010M,LADIES RACING STRIPES T - M,Ladies Medium T-Shirt,In Stock,$28.55,ADD TO CART
PART# 36-519,SIMPSON RACING,https://www.simpsonraceproducts.com/products/apparel_and_collectibles/drinkware/parts/36-519,SIMPSON SHOT GLASS,Simpson Logo 2oz. shot glass (Sold Individually),In Stock,,ADD TO CART
PART# ORBGCAF18K,SIMPSON RACING,https://www.simpsonraceproducts.com/products/apparel_and_collectibles/bags/parts/ORBGCAF18K,SIMPSON UTV DOOR BAGS (PAIR) FOR CAN AM MAVERICK X3,Fits Can Am Maverick X3,In Stock,,ADD TO CART
PART# 45025W,SIMPSON RACING,https://www.simpsonraceproducts.com/products/apparel_and_collectibles/headwear/rope_hats/parts/45025W,ROPE SNAPBACK,White - Snapback,In Stock,$29.95,ADD TO CART
