Title_URL,brand,Name_URL,Name,Description,product_in_stock,shipsfree,Discount,Price,Price1,Price2,primarybtn
PART# ESZK,SIMPSON RACING,https://www.simpsonraceproducts.com/products/gloves/esse_racing_gloves/parts/ESZK,SIMPSON RACING ESSE RACING GLOVES,CLEARANCE ITEM / ALL SALES FINAL - XX-Large - Black,In Stock,,Advertised Price $119.95,$119.95,$95.95,$24.00,ADD TO CART
PART# LGXF,SIMPSON RACING,https://www.simpsonraceproducts.com/products/gloves/liberty/parts/LGXF,LIBERTY GLOVES,Xtra Large - America - SFI 3.3/5,In Stock,,Advertised Price $159.95,$159.95,$143.95,$16.00,ADD TO CART
PART# EGLK,SIMPSON RACING,https://www.simpsonraceproducts.com/products/gloves/endurance/parts/EGLK,ENDURANCE GLOVES,Large -  Black - SFI 3.3/5,In Stock,Free Shipping,Advertised Price $142.95,$142.95,$128.65,$14.30,ADD TO CART
PART# LGLF,SIMPSON RACING,https://www.simpsonraceproducts.com/products/gloves/liberty/parts/LGLF,LIBERTY GLOVES,Large - America - SFI 3.3/5,In Stock,Free Shipping,,,,,ADD TO CART
PART# MGLK,SIMPSON RACING,https://www.simpsonraceproducts.com/products/gloves/magnata/parts/MGLK,MAGNATA GLOVES,Large - Black - SFI 3.3/5 - FIA 8856-2018,In Stock,Free Shipping,Advertised Price $214.95,$214.95,$193.45,$21.50,ADD TO CART
PART# 37017XK,SIMPSON RACING,https://www.simpsonraceproducts.com/products/gloves/holeshot-22/parts/37017XK,SIMPSON RACING HOLESHOT-22 DRAG GLOVE XL,Drag Glove - SFI 3.3/20 Rated,In Stock,Free Shipping,,,,,ADD TO CART
PART# 20800LK,SIMPSON RACING,https://www.simpsonraceproducts.com/products/gloves/predator/parts/20800LK,PREDATOR GLOVES,Large - Black - SFI 3.3/5,In Stock,Free Shipping,Advertised Price $158.95,$158.95,$143.05,$15.90,ADD TO CART
PART# 37017LK,SIMPSON RACING,https://www.simpsonraceproducts.com/products/gloves/holeshot-22/parts/37017LK,SIMPSON RACING HOLESHOT-22 DRAG GLOVE LG,Drag Glove - SFI 3.3/20 Rated,In Stock,Free Shipping,,,,,ADD TO CART
PART# SSLK,SIMPSON RACING,https://www.simpsonraceproducts.com/products/gloves/super_sport/parts/SSLK,SUPER SPORT GLOVES,Large - Black - SFI 3.3/1,,,Advertised Price $99.95,$99.95,$89.95,$10.00,
PART# EGXK,SIMPSON RACING,https://www.simpsonraceproducts.com/products/gloves/endurance/parts/EGXK,ENDURANCE GLOVES,Xtra Large - Black - SFI 3.3/5,,Free Shipping,,,,,
PART# EGMK,SIMPSON RACING,https://www.simpsonraceproducts.com/products/gloves/endurance/parts/EGMK,ENDURANCE GLOVES,Medium - Black - SFI 3.3/5,,Free Shipping,Advertised Price $142.95,$142.95,$128.65,$14.30,
PART# MGXK,SIMPSON RACING,https://www.simpsonraceproducts.com/products/gloves/magnata/parts/MGXK,MAGNATA GLOVES,Xtra Large - Black - SFI 3.3/5 - FIA 8856-2018,In Stock,Free Shipping,,,,,ADD TO CART
PART# SSXK,SIMPSON RACING,https://www.simpsonraceproducts.com/products/gloves/super_sport/parts/SSXK,SUPER SPORT GLOVES,Xtra Large - Black - SFI 3.3/1,In Stock,,Advertised Price $99.95,$99.95,$89.95,$10.00,ADD TO CART
PART# 20800MK,SIMPSON RACING,https://www.simpsonraceproducts.com/products/gloves/predator/parts/20800MK,PREDATOR GLOVES,Medium - Black - SFI 3.3/5,In Stock,,Advertised Price $158.95,$158.95,$87.95,$71.00,ADD TO CART
PART# MGLW,SIMPSON RACING,https://www.simpsonraceproducts.com/products/gloves/magnata/parts/MGLW,MAGNATA GLOVES,Large - White - SFI 3.3/5 - FIA 8856-2018,In Stock,Free Shipping,,,,,ADD TO CART
PART# YGYSK,SIMPSON RACING,https://www.simpsonraceproducts.com/products/gloves/youth_gloves/parts/YGYSK,YOUNG GUN YOUTH GLOVES,Youth Small - Black - SFI 3.3/5,In Stock,Free Shipping,,,,,ADD TO CART
PART# 20800XK,SIMPSON RACING,https://www.simpsonraceproducts.com/products/gloves/predator/parts/20800XK,PREDATOR GLOVES,Xtra Large - Black - SFI 3.3/5,In Stock,Free Shipping,Advertised Price $175.95,$175.95,$158.35,$17.60,ADD TO CART
PART# LGMF,SIMPSON RACING,https://www.simpsonraceproducts.com/products/gloves/liberty/parts/LGMF,LIBERTY GLOVES,Medium - America - SFI 3.3/5,,,Advertised Price $159.95,$159.95,$87.95,$72.00,
PART# MGLB,SIMPSON RACING,https://www.simpsonraceproducts.com/products/gloves/magnata/parts/MGLB,MAGNATA GLOVES,Large - Blue - SFI 3.3/5 - FIA 8856-2018,In Stock,Free Shipping,,,,,ADD TO CART
PART# MGMW,SIMPSON RACING,https://www.simpsonraceproducts.com/products/gloves/magnata/parts/MGMW,MAGNATA GLOVES,Medium - White - SFI 3.3/5 - FIA 8856-2018,In Stock,Free Shipping,Advertised Price $214.95,$214.95,$118.95,$96.00,ADD TO CART
PART# MGLR,SIMPSON RACING,https://www.simpsonraceproducts.com/products/gloves/magnata/parts/MGLR,MAGNATA GLOVES,Large - Red - SFI 3.3/5 - FIA 8856-2018,In Stock,Free Shipping,,,,,ADD TO CART
PART# EGXR,SIMPSON RACING,https://www.simpsonraceproducts.com/products/gloves/endurance/parts/EGXR,ENDURANCE GLOVES,Xtra Large - Red - SFI 3.3/5,In Stock,Free Shipping,,,,,ADD TO CART
PART# IMMK,SIMPSON RACING,https://www.simpsonraceproducts.com/products/gloves/impulse/parts/IMMK,SIMPSON RACING IMPULSE GLOVES,CLEARANCE ITEM / ALL SALES FINAL - Medium - Black,In Stock,,Advertised Price $68.98,$68.98,$65.53,$3.45,ADD TO CART
PART# MGMB,SIMPSON RACING,https://www.simpsonraceproducts.com/products/gloves/magnata/parts/MGMB,MAGNATA GLOVES,Medium - Blue - SFI 3.3/5 - FIA 8856-2018,In Stock,Free Shipping,,,,,ADD TO CART
PART# EGLR,SIMPSON RACING,https://www.simpsonraceproducts.com/products/gloves/endurance/parts/EGLR,ENDURANCE GLOVES,Large -  Red - SFI 3.3/5,In Stock,Free Shipping,,,,,ADD TO CART
PART# 37017MK,SIMPSON RACING,https://www.simpsonraceproducts.com/products/gloves/holeshot-22/parts/37017MK,SIMPSON RACING HOLESHOT-22 DRAG GLOVE MD,Drag Glove - SFI 3.3/20 Rated,In Stock,Free Shipping,,,,,ADD TO CART
PART# MGXW,SIMPSON RACING,https://www.simpsonraceproducts.com/products/gloves/magnata/parts/MGXW,MAGNATA GLOVES,Xtra Large - White - SFI 3.3/5 - FIA 8856-2018,In Stock,Free Shipping,,,,,ADD TO CART
PART# MGMK,SIMPSON RACING,https://www.simpsonraceproducts.com/products/gloves/magnata/parts/MGMK,MAGNATA GLOVES,Medium - Black - SFI 3.3/5 - FIA 8856-2018,In Stock,Free Shipping,Advertised Price $214.95,$214.95,$118.95,$96.00,ADD TO CART
PART# EGMB,SIMPSON RACING,https://www.simpsonraceproducts.com/products/gloves/endurance/parts/EGMB,ENDURANCE GLOVES,CLEARANCE ITEM / ALL SALES FINAL - Medium - Blue - SFI 3.3/5,In Stock,,Advertised Price $107.17,$107.17,$96.95,$10.22,ADD TO CART
PART# ASKLG,SIMPSON RACING,https://www.simpsonraceproducts.com/products/gloves/airspeed/parts/ASKLG,AIRSPEED GLOVES,Large - Black - SFI 3.3/5,In Stock,Free Shipping,Advertised Price $169.95,$169.95,$152.95,$17.00,ADD TO CART
PART# EGXG,SIMPSON RACING,https://www.simpsonraceproducts.com/products/gloves/endurance/parts/EGXG,ENDURANCE GLOVES,Xtra Large - Gray - SFI 3.3/5,In Stock,Free Shipping,,,,,ADD TO CART
PART# ESXK,SIMPSON RACING,https://www.simpsonraceproducts.com/products/gloves/esse_racing_gloves/parts/ESXK,SIMPSON RACING ESSE RACING GLOVES,CLEARANCE ITEM / ALL SALES FINAL - X-Large - Black,In Stock,,Advertised Price $137.99,$137.99,$124.95,$13.04,ADD TO CART
PART# EGZG,SIMPSON RACING,https://www.simpsonraceproducts.com/products/gloves/endurance/parts/EGZG,ENDURANCE GLOVES,XXtra Large - Gray - SFI 3.3/5,In Stock,,Advertised Price $142.95,$142.95,$78.95,$64.00,ADD TO CART
PART# EGSK,SIMPSON RACING,https://www.simpsonraceproducts.com/products/gloves/endurance/parts/EGSK,ENDURANCE GLOVES,Small - Gray - SFI 3.3/5,,,Advertised Price $142.95,$142.95,$78.95,$64.00,
PART# SSMK,SIMPSON RACING,https://www.simpsonraceproducts.com/products/gloves/super_sport/parts/SSMK,SUPER SPORT GLOVES,Medium -  Black - SFI 3.3/1,,,Advertised Price $99.95,$99.95,$89.95,$10.00,
PART# 37017ZK,SIMPSON RACING,https://www.simpsonraceproducts.com/products/gloves/holeshot-22/parts/37017ZK,SIMPSON RACING HOLESHOT-22 DRAG GLOVE XXL,Drag Glove - SFI 3.3/20 Rated,In Stock,Free Shipping,,,,,ADD TO CART
PART# LGSF,SIMPSON RACING,https://www.simpsonraceproducts.com/products/gloves/liberty/parts/LGSF,LIBERTY GLOVES,Small - America - SFI 3.3/5,,,,,,,
PART# EGXB,SIMPSON RACING,https://www.simpsonraceproducts.com/products/gloves/endurance/parts/EGXB,ENDURANCE GLOVES,CLEARANCE ITEM / ALL SALES FINAL - X-Large - Blue - SFI 3.3/5,In Stock,,Advertised Price $107.17,$107.17,$96.95,$10.22,ADD TO CART
PART# YGYMK,SIMPSON RACING,https://www.simpsonraceproducts.com/products/gloves/youth_gloves/parts/YGYMK,YOUNG GUN YOUTH GLOVES,Youth Medium - Black - SFI 3.3/5,In Stock,Free Shipping,,,,,ADD TO CART
PART# DGMR,SIMPSON RACING,https://www.simpsonraceproducts.com/products/gloves/dna/parts/DGMR,SIMPSON RACING DNA RACING GLOVES,CLEARANCE ITEM / ALL SALES FINAL - Medium - Red/Black,,,Advertised Price $131.29,$131.29,$124.95,$6.34,
PART# MGMR,SIMPSON RACING,https://www.simpsonraceproducts.com/products/gloves/magnata/parts/MGMR,MAGNATA GLOVES,Medium - Red - SFI 3.3/5 - FIA 8856-2018,In Stock,Free Shipping,Advertised Price $214.95,$214.95,$118.95,$96.00,ADD TO CART
PART# YGYLK,SIMPSON RACING,https://www.simpsonraceproducts.com/products/gloves/youth_gloves/parts/YGYLK,YOUNG GUN YOUTH GLOVES,Youth Large - Black - SFI 3.3/5,,Free Shipping,,,,,
PART# EGMR,SIMPSON RACING,https://www.simpsonraceproducts.com/products/gloves/endurance/parts/EGMR,ENDURANCE GLOVES,Medium - Red - SFI 3.3/5,In Stock,,Advertised Price $142.95,$142.95,$78.95,$64.00,ADD TO CART
PART# MGXR,SIMPSON RACING,https://www.simpsonraceproducts.com/products/gloves/magnata/parts/MGXR,MAGNATA GLOVES,Xtra Large - Red - SFI 3.3/5 - FIA 8856-2018,In Stock,Free Shipping,,,,,ADD TO CART
PART# LGZF,SIMPSON RACING,https://www.simpsonraceproducts.com/products/gloves/liberty/parts/LGZF,LIBERTY GLOVES,XXtra Large - America - SFI 3.3/5,,,Advertised Price $159.95,$159.95,$87.95,$72.00,
PART# MGZK,SIMPSON RACING,https://www.simpsonraceproducts.com/products/gloves/magnata/parts/MGZK,MAGNATA GLOVES,XXtra Large - Black - SFI 3.3/5 - FIA 8856-2018,In Stock,Free Shipping,,,,,ADD TO CART
PART# ASWMD,SIMPSON RACING,https://www.simpsonraceproducts.com/products/gloves/airspeed/parts/ASWMD,AIRSPEED GLOVES,Medium - White - SFI 3.3/5,In Stock,Free Shipping,Advertised Price $169.95,$169.95,$152.95,$17.00,ADD TO CART
PART# SSSK,SIMPSON RACING,https://www.simpsonraceproducts.com/products/gloves/super_sport/parts/SSSK,SUPER SPORT GLOVES,Small - Black - SFI 3.3/1,In Stock,Free Shipping,,,,,ADD TO CART
PART# DGXB,SIMPSON RACING,https://www.simpsonraceproducts.com/products/gloves/dna/parts/DGXB,SIMPSON RACING DNA RACING GLOVES,CLEARANCE ITEM / ALL SALES FINAL - X-Large - Blue/Black,In Stock,,Advertised Price $119.95,$119.95,$107.95,$12.00,ADD TO CART
PART# SFG022X,SIMPSON MOTORCYCLE,https://www.simpsonraceproducts.com/products/gloves/motorcycle_gloves/nocturn/parts/SFG022X,SIMPSON/FIST MOTORCYCLE GLOVES - NOCTURN,CLEARANCE ITEM / ALL SALES FINAL - XXL - Black,In Stock,,Advertised Price $41.15,$41.15,$22.63,$18.52,ADD TO CART
PART# SFG05LG,SIMPSON MOTORCYCLE,https://www.simpsonraceproducts.com/products/gloves/motorcycle_gloves/fury/parts/SFG05LG,SIMPSON/FIST MOTORCYCLE GLOVES - FURY,CLEARANCE ITEM / ALL SALES FINAL - Large - Red / Black,,,Advertised Price $26.75,$26.75,$25.41,$1.34,
PART# MGSK,SIMPSON RACING,https://www.simpsonraceproducts.com/products/gloves/magnata/parts/MGSK,MAGNATA GLOVES,Small - Black - SFI 3.3/5 - FIA 8856-2018,In Stock,Free Shipping,,,,,ADD TO CART
PART# SFG05XL,SIMPSON MOTORCYCLE,https://www.simpsonraceproducts.com/products/gloves/motorcycle_gloves/fury/parts/SFG05XL,SIMPSON/FIST MOTORCYCLE GLOVES - FURY,CLEARANCE ITEM / ALL SALES FINAL - X-Large - Red / Black,In Stock,,Advertised Price $26.75,$26.75,$24.08,$2.67,ADD TO CART
PART# ASKXL,SIMPSON RACING,https://www.simpsonraceproducts.com/products/gloves/airspeed/parts/ASKXL,AIRSPEED GLOVES,Xtra Large - Black - SFI 3.3/5,In Stock,Free Shipping,Advertised Price $169.95,$169.95,$152.95,$17.00,ADD TO CART
PART# SFG212X,SIMPSON MOTORCYCLE,https://www.simpsonraceproducts.com/products/gloves/motorcycle_gloves/logo/parts/SFG212X,SIMPSON/FIST MOTORCYCLE GLOVES - LOGO,CLEARANCE ITEM / ALL SALES FINAL - XX-Large - Black / White,In Stock,,Advertised Price $38.21,$38.21,$34.39,$3.82,ADD TO CART
PART# EGXP,SIMPSON RACING,https://www.simpsonraceproducts.com/products/gloves/endurance/parts/EGXP,ENDURANCE GLOVES,CLEARANCE ITEM / ALL SALES FINAL - X-Large - Pink - SFI 3.3/5,,Free Shipping,Advertised Price $124.59,$124.59,$118.95,$5.64,
PART# DGSW,SIMPSON RACING,https://www.simpsonraceproducts.com/products/gloves/dna/parts/DGSW,SIMPSON RACING DNA RACING GLOVES,CLEARANCE ITEM / ALL SALES FINAL - Small - White/Black,,,Advertised Price $131.29,$131.29,$124.95,$6.34,
PART# EGSG,SIMPSON RACING,https://www.simpsonraceproducts.com/products/gloves/endurance/parts/EGSG,ENDURANCE GLOVES,Small - Gray - SFI 3.3/5,In Stock,Free Shipping,,,,,ADD TO CART
PART# SFG02XL,SIMPSON MOTORCYCLE,https://www.simpsonraceproducts.com/products/gloves/motorcycle_gloves/nocturn/parts/SFG02XL,SIMPSON/FIST MOTORCYCLE GLOVES - NOCTURN,CLEARANCE ITEM / ALL SALES FINAL - XL - Black,,,,,,,
PART# SSTK,SIMPSON RACING,https://www.simpsonraceproducts.com/products/gloves/super_sport/parts/SSTK,SUPER SPORT GLOVES,Xtra Small - Black - SFI 3.3/1,In Stock,Free Shipping,,,,,ADD TO CART
PART# MGSW,SIMPSON RACING,https://www.simpsonraceproducts.com/products/gloves/magnata/parts/MGSW,MAGNATA GLOVES,Small - White - SFI 3.3/5 - FIA 8856-2018,In Stock,Free Shipping,,,,,ADD TO CART
PART# ASWLG,SIMPSON RACING,https://www.simpsonraceproducts.com/products/gloves/airspeed/parts/ASWLG,AIRSPEED GLOVES,Large - White - SFI 3.3/5,,Free Shipping,Advertised Price $169.95,$169.95,$152.95,$17.00,
PART# SCAXL,SIMPSON RACING,https://www.simpsonraceproducts.com/products/gloves/supercoil/parts/SCAXL,SUPERCOIL GLOVES,Xtra Large - Alloy - SFI 3.3/5,,Free Shipping,Advertised Price $189.95,$189.95,$170.95,$19.00,
PART# SFG05MD,SIMPSON MOTORCYCLE,https://www.simpsonraceproducts.com/products/gloves/motorcycle_gloves/fury/parts/SFG05MD,SIMPSON/FIST MOTORCYCLE GLOVES - FURY,CLEARANCE ITEM / ALL SALES FINAL - Medium - Red / Black,In Stock,,Advertised Price $26.75,$26.75,$24.08,$2.67,ADD TO CART
PART# ASKMD,SIMPSON RACING,https://www.simpsonraceproducts.com/products/gloves/airspeed/parts/ASKMD,AIRSPEED GLOVES,Medium - Black - SFI 3.3/5,In Stock,Free Shipping,Advertised Price $169.95,$169.95,$152.95,$17.00,ADD TO CART
PART# SFG052X,SIMPSON MOTORCYCLE,https://www.simpsonraceproducts.com/products/gloves/motorcycle_gloves/fury/parts/SFG052X,SIMPSON/FIST MOTORCYCLE GLOVES - FURY,CLEARANCE ITEM / ALL SALES FINAL - XX-Large - Red / Black,In Stock,,Advertised Price $26.75,$26.75,$22.74,$4.01,ADD TO CART
PART# SCALG,SIMPSON RACING,https://www.simpsonraceproducts.com/products/gloves/supercoil/parts/SCALG,SUPERCOIL GLOVES,Large - Alloy - SFI 3.3/5,In Stock,Free Shipping,Advertised Price $189.95,$189.95,$170.95,$19.00,ADD TO CART
PART# SCKLG,SIMPSON RACING,https://www.simpsonraceproducts.com/products/gloves/supercoil/parts/SCKLG,SUPERCOIL GLOVES,Large - Black - SFI 3.3/5,,Free Shipping,Advertised Price $189.95,$189.95,$170.95,$19.00,
PART# ASWXL,SIMPSON RACING,https://www.simpsonraceproducts.com/products/gloves/airspeed/parts/ASWXL,AIRSPEED GLOVES,Xtra Large - White - SFI 3.3/5,In Stock,Free Shipping,Advertised Price $169.95,$169.95,$152.95,$17.00,ADD TO CART
PART# 20800SK,SIMPSON RACING,https://www.simpsonraceproducts.com/products/gloves/predator/parts/20800SK,PREDATOR GLOVES,Small - Black - SFI 3.3/5,In Stock,Free Shipping,,,,,ADD TO CART
PART# IMZK,SIMPSON RACING,https://www.simpsonraceproducts.com/products/gloves/impulse/parts/IMZK,SIMPSON RACING IMPULSE GLOVES,CLEARANCE ITEM / ALL SALES FINAL - XX-Large - Black,,,Advertised Price $68.98,$68.98,$65.53,$3.45,
PART# IMSK,SIMPSON RACING,https://www.simpsonraceproducts.com/products/gloves/impulse/parts/IMSK,SIMPSON RACING IMPULSE GLOVES,CLEARANCE ITEM / ALL SALES FINAL - Small - Black,,,Advertised Price $68.98,$68.98,$62.08,$6.90,
PART# IMXB,SIMPSON RACING,https://www.simpsonraceproducts.com/products/gloves/impulse/parts/IMXB,SIMPSON RACING IMPULSE GLOVES,CLEARANCE ITEM / ALL SALES FINAL - X-Large - Blue,In Stock,,Advertised Price $68.98,$68.98,$65.53,$3.45,ADD TO CART
PART# IMTK,SIMPSON RACING,https://www.simpsonraceproducts.com/products/gloves/impulse/parts/IMTK,SIMPSON RACING IMPULSE GLOVES,CLEARANCE ITEM / ALL SALES FINAL - X-Small - Black,In Stock,,Advertised Price $68.98,$68.98,$65.53,$3.45,ADD TO CART
PART# MGSR,SIMPSON RACING,https://www.simpsonraceproducts.com/products/gloves/magnata/parts/MGSR,MAGNATA GLOVES,Small - Red - SFI 3.3/5 - FIA 8856-2018,,Free Shipping,,,,,
PART# 37017SK,SIMPSON RACING,https://www.simpsonraceproducts.com/products/gloves/holeshot-22/parts/37017SK,SIMPSON RACING HOLESHOT-22 DRAG GLOVE SM,Drag Glove - SFI 3.3/20 Rated,In Stock,Free Shipping,,,,,ADD TO CART
PART# SCNXL,SIMPSON RACING,https://www.simpsonraceproducts.com/products/gloves/supercoil/parts/SCNXL,SUPERCOIL GLOVES,Xtra Large - Navy - SFI 3.3/5,In Stock,Free Shipping,Advertised Price $189.95,$189.95,$170.95,$19.00,ADD TO CART
PART# MGZB,SIMPSON RACING,https://www.simpsonraceproducts.com/products/gloves/magnata/parts/MGZB,MAGNATA GLOVES,XXtra Large - Blue - SFI 3.3/5 - FIA 8856-2018,In Stock,Free Shipping,Advertised Price $224.95,$224.95,$123.95,$101.00,ADD TO CART
PART# SCAMD,SIMPSON RACING,https://www.simpsonraceproducts.com/products/gloves/supercoil/parts/SCAMD,SUPERCOIL GLOVES,Medium - Alloy - SFI 3.3/5,In Stock,Free Shipping,Advertised Price $189.95,$189.95,$170.95,$19.00,ADD TO CART
PART# MGZW,SIMPSON RACING,https://www.simpsonraceproducts.com/products/gloves/magnata/parts/MGZW,MAGNATA GLOVES,XXtra Large - White - SFI 3.3/5 - FIA 8856-2018,In Stock,Free Shipping,Advertised Price $224.95,$224.95,$123.95,$101.00,ADD TO CART
PART# EGSR,SIMPSON RACING,https://www.simpsonraceproducts.com/products/gloves/endurance/parts/EGSR,ENDURANCE GLOVES,Small - Red - SFI 3.3/5,In Stock,Free Shipping,,,,,ADD TO CART
PART# SCNLG,SIMPSON RACING,https://www.simpsonraceproducts.com/products/gloves/supercoil/parts/SCNLG,SUPERCOIL GLOVES,Large - Navy - SFI 3.3/5,In Stock,Free Shipping,Advertised Price $189.95,$189.95,$170.95,$19.00,ADD TO CART
PART# ASBLG,SIMPSON RACING,https://www.simpsonraceproducts.com/products/gloves/airspeed/parts/ASBLG,AIRSPEED GLOVES,Large - Blue - SFI 3.3/5,In Stock,Free Shipping,Advertised Price $169.95,$169.95,$152.95,$17.00,ADD TO CART
PART# ASALG,SIMPSON RACING,https://www.simpsonraceproducts.com/products/gloves/airspeed/parts/ASALG,AIRSPEED GLOVES,Large - Alloy - SFI 3.3/5,In Stock,Free Shipping,Advertised Price $169.95,$169.95,$152.95,$17.00,ADD TO CART
PART# EGSB,SIMPSON RACING,https://www.simpsonraceproducts.com/products/gloves/endurance/parts/EGSB,ENDURANCE GLOVES,CLEARANCE ITEM / ALL SALES FINAL - Small - Blue - SFI 3.3/5,In Stock,,Advertised Price $107.17,$107.17,$101.95,$5.22,ADD TO CART
PART# MGSB,SIMPSON RACING,https://www.simpsonraceproducts.com/products/gloves/magnata/parts/MGSB,MAGNATA GLOVES,Small - Blue - SFI 3.3/5 - FIA 8856-2018,,Free Shipping,,,,,
PART# SFG02MD,SIMPSON MOTORCYCLE,https://www.simpsonraceproducts.com/products/gloves/motorcycle_gloves/nocturn/parts/SFG02MD,SIMPSON/FIST MOTORCYCLE GLOVES - NOCTURN,CLEARANCE ITEM / ALL SALES FINAL - Medium - Black,,,,,,,
PART# 39021XSSM,SIMPSON RACING,https://www.simpsonraceproducts.com/products/gloves/parts/39021XSSM,SIMPSON 	INNER GREY GLOVE XS/SM,XS/SM,In Stock,,Advertised Price $39.55,$39.55,$21.75,$17.80,ADD TO CART
PART# ASWSM,SIMPSON RACING,https://www.simpsonraceproducts.com/products/gloves/airspeed/parts/ASWSM,AIRSPEED GLOVES,Small - White - SFI 3.3/5,In Stock,Free Shipping,Advertised Price $169.95,$169.95,$152.95,$17.00,ADD TO CART
PART# SFG21SM,SIMPSON MOTORCYCLE,https://www.simpsonraceproducts.com/products/gloves/motorcycle_gloves/logo/parts/SFG21SM,SIMPSON/FIST MOTORCYCLE GLOVES - LOGO,CLEARANCE ITEM / ALL SALES FINAL - Small - Black / White,,,Advertised Price $38.21,$38.21,$36.30,$1.91,
PART# MGZR,SIMPSON RACING,https://www.simpsonraceproducts.com/products/gloves/magnata/parts/MGZR,MAGNATA GLOVES,XXtra Large - Red - SFI 3.3/5 - FIA 8856-2018,In Stock,Free Shipping,Advertised Price $224.95,$224.95,$123.95,$101.00,ADD TO CART
PART# SFG02SM,SIMPSON MOTORCYCLE,https://www.simpsonraceproducts.com/products/gloves/motorcycle_gloves/nocturn/parts/SFG02SM,SIMPSON/FIST MOTORCYCLE GLOVES - NOCTURN,CLEARANCE ITEM / ALL SALES FINAL - Small - Black,In Stock,,,,,,ADD TO CART
PART# SFG02LG,SIMPSON MOTORCYCLE,https://www.simpsonraceproducts.com/products/gloves/motorcycle_gloves/nocturn/parts/SFG02LG,SIMPSON/FIST MOTORCYCLE GLOVES - NOCTURN,CLEARANCE ITEM / ALL SALES FINAL - Large - Black,,,,,,,
PART# SCKXL,SIMPSON RACING,https://www.simpsonraceproducts.com/products/gloves/supercoil/parts/SCKXL,SUPERCOIL GLOVES,Xtra Large - Black - SFI 3.3/5,In Stock,Free Shipping,Advertised Price $189.95,$189.95,$170.95,$19.00,ADD TO CART
PART# SCNSM,SIMPSON RACING,https://www.simpsonraceproducts.com/products/gloves/supercoil/parts/SCNSM,SUPERCOIL GLOVES,Small - Navy - SFI 3.3/5,,Free Shipping,Advertised Price $189.95,$189.95,$170.95,$19.00,
PART# ASBMD,SIMPSON RACING,https://www.simpsonraceproducts.com/products/gloves/airspeed/parts/ASBMD,AIRSPEED GLOVES,Medium - Blue - SFI 3.3/5,,Free Shipping,Advertised Price $169.95,$169.95,$152.95,$17.00,
PART# MGXB,SIMPSON RACING,https://www.simpsonraceproducts.com/products/gloves/magnata/parts/MGXB,MAGNATA GLOVES,Xtra Large - Blue - SFI 3.3/5 - FIA 8856-2018,In Stock,Free Shipping,,,,,ADD TO CART
PART# ASBXL,SIMPSON RACING,https://www.simpsonraceproducts.com/products/gloves/airspeed/parts/ASBXL,AIRSPEED GLOVES,Xtra Large - Blue - SFI 3.3/5,,Free Shipping,Advertised Price $169.95,$169.95,$152.95,$17.00,
PART# 39021XLXX,SIMPSON RACING,https://www.simpsonraceproducts.com/products/gloves/parts/39021XLXX,SIMPSON 	INNER GREY GLOVE XL/XXL,XL/XXL,In Stock,,,,,,ADD TO CART
PART# ASAMD,SIMPSON RACING,https://www.simpsonraceproducts.com/products/gloves/airspeed/parts/ASAMD,AIRSPEED GLOVES,Medium - Alloy - SFI 3.3/5,In Stock,Free Shipping,Advertised Price $169.95,$169.95,$152.95,$17.00,ADD TO CART
PART# ASAXL,SIMPSON RACING,https://www.simpsonraceproducts.com/products/gloves/airspeed/parts/ASAXL,AIRSPEED GLOVES,Xtra Large - Alloy - SFI 3.3/5,In Stock,Free Shipping,Advertised Price $169.95,$169.95,$152.95,$17.00,ADD TO CART
PART# DGSR,SIMPSON RACING,https://www.simpsonraceproducts.com/products/gloves/dna/parts/DGSR,SIMPSON RACING DNA RACING GLOVES,CLEARANCE ITEM / ALL SALES FINAL - Small - Red/Black,In Stock,,Advertised Price $119.95,$119.95,$95.95,$24.00,ADD TO CART
PART# SCNMD,SIMPSON RACING,https://www.simpsonraceproducts.com/products/gloves/supercoil/parts/SCNMD,SUPERCOIL GLOVES,Medium - Navy - SFI 3.3/5,In Stock,Free Shipping,Advertised Price $189.95,$189.95,$170.95,$19.00,ADD TO CART
PART# SCASM,SIMPSON RACING,https://www.simpsonraceproducts.com/products/gloves/supercoil/parts/SCASM,SUPERCOIL GLOVES,Small - Alloy - SFI 3.3/5,In Stock,Free Shipping,Advertised Price $189.95,$189.95,$170.95,$19.00,ADD TO CART
PART# ASBSM,SIMPSON RACING,https://www.simpsonraceproducts.com/products/gloves/airspeed/parts/ASBSM,AIRSPEED GLOVES,Small - Blue - SFI 3.3/5,In Stock,Free Shipping,Advertised Price $169.95,$169.95,$152.95,$17.00,ADD TO CART
PART# ASKSM,SIMPSON RACING,https://www.simpsonraceproducts.com/products/gloves/airspeed/parts/ASKSM,AIRSPEED GLOVES,Small - Black - SFI 3.3/5,,Free Shipping,Advertised Price $169.95,$169.95,$152.95,$17.00,
PART# SFG05SM,SIMPSON MOTORCYCLE,https://www.simpsonraceproducts.com/products/gloves/motorcycle_gloves/fury/parts/SFG05SM,SIMPSON/FIST MOTORCYCLE GLOVES - FURY,CLEARANCE ITEM / ALL SALES FINAL - Small - Red / Black,In Stock,,Advertised Price $26.75,$26.75,$21.40,$5.35,ADD TO CART
PART# 39021MDLG,SIMPSON RACING,https://www.simpsonraceproducts.com/products/gloves/parts/39021MDLG,SIMPSON 	INNER GREY GLOVE MD/LG,MD/LG,,,,,,,
PART# SCKMD,SIMPSON RACING,https://www.simpsonraceproducts.com/products/gloves/supercoil/parts/SCKMD,SUPERCOIL GLOVES,Medium - Black - SFI 3.3/5,,Free Shipping,Advertised Price $189.95,$189.95,$170.95,$19.00,
PART# SCKSM,SIMPSON RACING,https://www.simpsonraceproducts.com/products/gloves/supercoil/parts/SCKSM,SUPERCOIL GLOVES,Small - Black - SFI 3.3/5,,Free Shipping,Advertised Price $189.95,$189.95,$170.95,$19.00,
PART# EGSP,SIMPSON RACING,https://www.simpsonraceproducts.com/products/gloves/endurance/parts/EGSP,ENDURANCE GLOVES,Small - Pink - SFI 3.3/5,,,Advertised Price $124.59,$124.59,$118.95,$5.64,
PART# SFG02XS,SIMPSON MOTORCYCLE,https://www.simpsonraceproducts.com/products/gloves/motorcycle_gloves/nocturn/parts/SFG02XS,SIMPSON/FIST MOTORCYCLE GLOVES - NOCTURN,CLEARANCE ITEM / ALL SALES FINAL - XS - Black,In Stock,,Advertised Price $41.15,$41.15,$22.63,$18.52,ADD TO CART
PART# 39020M,SIMPSON RACING,https://www.simpsonraceproducts.com/products/gloves/kevlar_gloves/parts/39020M,SIMPSON RACING KEVLAR® GLOVES,Medium,,,,,,,
PART# 39020S,SIMPSON RACING,https://www.simpsonraceproducts.com/products/gloves/kevlar_gloves/parts/39020S,SIMPSON RACING KEVLAR® GLOVES,Small,,,Advertised Price $37.03,$37.03,$6.20,$30.83,
PART# ASA2X-C,SIMPSON RACING,https://www.simpsonraceproducts.com/products/gloves/airspeed/parts/ASA2X-C,AIRSPEED GLOVE CUSTOM LOGO ALLOY XXL,,,Free Shipping,,,,,
PART# ASALG-C,SIMPSON RACING,https://www.simpsonraceproducts.com/products/gloves/airspeed/parts/ASALG-C,AIRSPEED GLOVE CUSTOM LOGO ALLOY LG,,,Free Shipping,,,,,
PART# ASAMD-C,SIMPSON RACING,https://www.simpsonraceproducts.com/products/gloves/airspeed/parts/ASAMD-C,AIRSPEED GLOVE CUSTOM LOGO ALLOY MD,,,Free Shipping,,,,,
PART# ASASM,SIMPSON RACING,https://www.simpsonraceproducts.com/products/gloves/airspeed/parts/ASASM,AIRSPEED GLOVES,Small - Alloy - SFI 3.3/5,,Free Shipping,Advertised Price $169.95,$169.95,$152.95,$17.00,
PART# ASASM-C,SIMPSON RACING,https://www.simpsonraceproducts.com/products/gloves/airspeed/parts/ASASM-C,AIRSPEED GLOVE CUSTOM LOGO ALLOY SM,,,Free Shipping,,,,,
PART# ASAXL-C,SIMPSON RACING,https://www.simpsonraceproducts.com/products/gloves/airspeed/parts/ASAXL-C,AIRSPEED GLOVE CUSTOM LOGO ALLOY XL,,,Free Shipping,,,,,
PART# ASB2X-C,SIMPSON RACING,https://www.simpsonraceproducts.com/products/gloves/airspeed/parts/ASB2X-C,AIRSPEED GLOVE CUSTOM LOGO BLACK/BLU XXL,,,Free Shipping,,,,,
PART# ASBLG-C,SIMPSON RACING,https://www.simpsonraceproducts.com/products/gloves/airspeed/parts/ASBLG-C,AIRSPEED GLOVE CUSTOM LOGO BLACK/BLUE LG,,,Free Shipping,,,,,
PART# ASBMD-C,SIMPSON RACING,https://www.simpsonraceproducts.com/products/gloves/airspeed/parts/ASBMD-C,AIRSPEED GLOVE CUSTOM LOGO BLACK/BLUE MD,,,Free Shipping,,,,,
PART# ASGAYLG,SIMPSON RACING,https://www.simpsonraceproducts.com/products/gloves/airspeed/parts/ASGAYLG,SIMPSON RACING AIRSPEED RACING GLOVES ALLOY - LARGE,tbd,,,,,,,
PART# ASGBKLG,SIMPSON RACING,https://www.simpsonraceproducts.com/products/gloves/airspeed/parts/ASGBKLG,SIMPSON RACING AIRSPEED RACING GLOVES BLACK - LARGE,tbd,,,,,,,
PART# ASGBULG,SIMPSON RACING,https://www.simpsonraceproducts.com/products/gloves/airspeed/parts/ASGBULG,SIMPSON RACING AIRSPEED RACING GLOVES BLUE - LARGE,tbd,,,,,,,
PART# ASW2X,SIMPSON RACING,https://www.simpsonraceproducts.com/products/gloves/airspeed/parts/ASW2X,AIRSPEED GLOVES,XXtra Large - White - SFI 3.3/5,In Stock,Free Shipping,,,,,ADD TO CART
PART# SCGAYLG,SIMPSON RACING,https://www.simpsonraceproducts.com/products/gloves/supercoil/parts/SCGAYLG,SIMPSON RACING SUPERCOIL RACING GLOVES ALLOY - LARGE,tbd,,,,,,,
PART# SCGBKLG,SIMPSON RACING,https://www.simpsonraceproducts.com/products/gloves/supercoil/parts/SCGBKLG,SIMPSON RACING SUPERCOIL RACING GLOVES BLACK - LARGE,tbd,,,,,,,
PART# SCGNYLG,SIMPSON RACING,https://www.simpsonraceproducts.com/products/gloves/airspeed/parts/SCGNYLG,SIMPSON RACING SUPERCOIL RACING GLOVES NAVY - LARGE,tbd,,,,,,,
