brand,Name_URL,Name,Description,Number,product_in_stock,shipsfree,Price,primarybtn
SIMPSON RACING,https://www.simpsonraceproducts.com/products/fire_suits/jackets/classic_two_piece_racing_suit_sfi-5_jacket/parts/C405312,SIMPSON RACING CLASSIC SFI 5 JACKET ALLOY - LG,Large - Alloy,PART# C405312,In Stock,Free Shipping,$399.95,ADD TO CART
SIMPSON RACING,https://www.simpsonraceproducts.com/products/fire_suits/jackets/classic_two_piece_racing_suit_sfi-5_jacket/parts/C405414,SIMPSON RACING CLASSIC SFI 5 JACKET W/ ARM RESTRAINTS ALLOY - XL,Extra Large - Alloy,PART# C405414,In Stock,Free Shipping,$481.95,ADD TO CART
SIMPSON RACING,https://www.simpsonraceproducts.com/products/fire_suits/jackets/classic_two_piece_racing_suit_sfi-5_jacket/parts/C405314,SIMPSON RACING CLASSIC SFI 5 JACKET W/ ARM RESTRAINTS ALLOY - LG,Large - Alloy,PART# C405314,,Free Shipping,,
SIMPSON RACING,https://www.simpsonraceproducts.com/products/fire_suits/jackets/classic_two_piece_racing_suit_sfi-5_jacket/parts/C405412,SIMPSON RACING CLASSIC SFI 5 JACKET ALLOY - XL,Extra Large - Alloy,PART# C405412,In Stock,Free Shipping,$399.95,ADD TO CART
SIMPSON RACING,https://www.simpsonraceproducts.com/products/fire_suits/jackets/classic_two_piece_racing_suit_sfi-5_jacket/parts/C405512,SIMPSON RACING CLASSIC SFI 5 JACKET ALLOY - XXL,Double Extra Large - Alloy,PART# C405512,In Stock,Free Shipping,$449.95,ADD TO CART
SIMPSON RACING,https://www.simpsonraceproducts.com/products/fire_suits/jackets/classic_two_piece_racing_suit_sfi-5_jacket/parts/C405214,SIMPSON RACING CLASSIC SFI 5 JACKET W/ ARM RESTRAINTS ALLOY - MD,Medium - Alloy,PART# C405214,,Free Shipping,$481.95,
SIMPSON RACING,https://www.simpsonraceproducts.com/products/fire_suits/jackets/classic_two_piece_racing_suit_sfi-5_jacket/parts/C405212,SIMPSON RACING CLASSIC SFI 5 JACKET ALLOY - MD,Medium - Alloy,PART# C405212,In Stock,Free Shipping,$399.95,ADD TO CART
SIMPSON RACING,https://www.simpsonraceproducts.com/products/fire_suits/jackets/classic_two_piece_racing_suit_sfi-5_jacket/parts/C405514,SIMPSON RACING CLASSIC SFI 5 JACKET W/ ARM RESTRAINTS ALLOY - XXL,Double Extra Large - Alloy,PART# C405514,In Stock,Free Shipping,$549.95,ADD TO CART
SIMPSON RACING,https://www.simpsonraceproducts.com/products/fire_suits/jackets/classic_two_piece_racing_suit_sfi-5_jacket/parts/C405114,SIMPSON RACING CLASSIC SFI 5 JACKET W/ ARM RESTRAINTS ALLOY - SM,Small - Alloy,PART# C405114,In Stock,Free Shipping,$481.95,ADD TO CART
SIMPSON RACING,https://www.simpsonraceproducts.com/products/fire_suits/jackets/classic_two_piece_racing_suit_sfi-5_jacket/parts/C405112,SIMPSON RACING CLASSIC SFI 5 JACKET ALLOY - SM,Small - Alloy,PART# C405112,In Stock,Free Shipping,$399.95,ADD TO CART
SIMPSON RACING,https://www.simpsonraceproducts.com/products/fire_suits/jackets/drag_two_piece_racing_suit_sfi_20_jacket/parts/4802354,"SIMPSON RACING 6G SFI 20 JACKET, BLACK WITH ARM RESTRAINTS",Large - Black,PART# 4802354,In Stock,Free Shipping,"$1,349.95",ADD TO CART
SIMPSON RACING,https://www.simpsonraceproducts.com/products/fire_suits/jackets/classic_two_piece_racing_suit_sfi-5_jacket/parts/C402312,CLASSIC SFI 5 JACKET BLACK - LARGE,Large - SM,PART# C402312,In Stock,Free Shipping,$399.95,ADD TO CART
SIMPSON RACING,https://www.simpsonraceproducts.com/products/fire_suits/jackets/drag_two_piece_racing_suit_sfi_15_jacket/parts/4902354,SIMPSON RACING DRAG 5G SFI 15 JACKET W/ ARM RESTRAINTS BLACK LG,Large - Black,PART# 4902354,In Stock,Free Shipping,"$1,249.95",ADD TO CART
SIMPSON RACING,https://www.simpsonraceproducts.com/products/fire_suits/jackets/classic_two_piece_racing_suit_sfi-5_jacket/parts/C402412,CLASSIC SFI 5 JACKET BLACK - XL,Extra Large - SM,PART# C402412,In Stock,Free Shipping,$399.95,ADD TO CART
SIMPSON RACING,https://www.simpsonraceproducts.com/products/fire_suits/jackets/drag_two_piece_racing_suit_sfi_20_jacket/parts/4802454,"SIMPSON RACING 6G SFI 20 JACKET, BLACK WITH ARM RESTRAINTS",Extra Large - Black,PART# 4802454,,Free Shipping,"$1,349.95",
SIMPSON RACING,https://www.simpsonraceproducts.com/products/fire_suits/jackets/drag_two_piece_racing_suit_sfi_20_jacket/parts/4802254,"SIMPSON RACING 6G SFI 20 JACKET, BLACK WITH ARM RESTRAINTS",Medium - Black,PART# 4802254,,Free Shipping,"$1,349.95",
SIMPSON RACING,https://www.simpsonraceproducts.com/products/fire_suits/jackets/standard/parts/C402414,CLASSIC SFI 5 JACKET W/ ARM RESTRAINT BLACK - XLG,Black - Extra Large with arm restraints,PART# C402414,,Free Shipping,$481.95,
SIMPSON RACING,https://www.simpsonraceproducts.com/products/fire_suits/jackets/classic_two_piece_racing_suit_sfi-5_jacket/parts/C402212,CLASSIC SFI 5 JACKET BLACK - MEDIUM,Medium - SM,PART# C402212,In Stock,Free Shipping,$399.95,ADD TO CART
SIMPSON RACING,https://www.simpsonraceproducts.com/products/fire_suits/jackets/drag_two_piece_racing_suit_sfi_20_jacket/parts/4802554,"SIMPSON RACING 6G SFI 20 JACKET, BLACK WITH ARM RESTRAINTS",Double Extra Large - Black,PART# 4802554,In Stock,Free Shipping,"$1,549.95",ADD TO CART
SIMPSON RACING,https://www.simpsonraceproducts.com/products/fire_suits/jackets/standard/parts/C402514,CLASSIC SFI 5 JACKET W/ ARM RESTRAINT BLACK - XXL,Black - Double Extra Large with arm restraints,PART# C402514,In Stock,Free Shipping,$549.95,ADD TO CART
SIMPSON RACING,https://www.simpsonraceproducts.com/products/fire_suits/jackets/drag_two_piece_racing_suit_sfi_15_jacket/parts/4902254,SIMPSON RACING DRAG 5G SFI 15 JACKET W/ ARM RESTRAINTS BLACK MD,Medium - Black,PART# 4902254,In Stock,Free Shipping,"$1,249.95",ADD TO CART
SIMPSON RACING,https://www.simpsonraceproducts.com/products/fire_suits/jackets/drag_two_piece_racing_suit_sfi_15_jacket/parts/4902554,SIMPSON RACING DRAG 5G SFI 15 JACKET W/ ARM RESTRAINTS BLACK XXL,Double Extra Large - Black,PART# 4902554,In Stock,Free Shipping,"$1,299.95",ADD TO CART
SIMPSON RACING,https://www.simpsonraceproducts.com/products/fire_suits/jackets/drag_two_piece_racing_suit_sfi_15_jacket/parts/4902454,SIMPSON RACING DRAG 5G SFI 15 JACKET W/ ARM RESTRAINTS BLACK XL,Extra Large - Black,PART# 4902454,In Stock,Free Shipping,"$1,249.95",ADD TO CART
SIMPSON RACING,https://www.simpsonraceproducts.com/products/fire_suits/jackets/standard/parts/C402314,CLASSIC SFI 5 JACKET W/ ARM RESTRAINT BLACK - LG,Black - Large with arm restraints,PART# C402314,,Free Shipping,$481.95,
SIMPSON RACING,https://www.simpsonraceproducts.com/products/fire_suits/jackets/classic_two_piece_racing_suit_sfi-5_jacket/parts/C402512,CLASSIC SFI 5 JACKET BLACK - XXL,Double Extra Large - SM,PART# C402512,In Stock,Free Shipping,$449.95,ADD TO CART
SIMPSON RACING,https://www.simpsonraceproducts.com/products/fire_suits/jackets/drag_two_piece_racing_suit_sfi_20_jacket/parts/4803334,SIMPSON RACING DRAG TWO PIECE RACING SUIT SFI 20 JACKET,Large - Red,PART# 4803334,,Free Shipping,"$1,299.95",
SIMPSON RACING,https://www.simpsonraceproducts.com/products/fire_suits/jackets/drag_two_piece_racing_suit_sfi_15_jacket/parts/4902154,SIMPSON RACING DRAG 5G SFI 15 JACKET W/ ARM RESTRAINTS BLACK SM,Small - Black,PART# 4902154,,Free Shipping,"$1,249.95",
SIMPSON RACING,https://www.simpsonraceproducts.com/products/fire_suits/jackets/apex_karting_jackets/parts/102382,SIMPSON RACING APEX KART RACING JACKET,Black/Black - Large,PART# 102382,,Free Shipping,$218.95,
SIMPSON RACING,https://www.simpsonraceproducts.com/products/fire_suits/jackets/classic_two_piece_racing_suit_sfi-5_jacket/parts/C402112,CLASSIC SFI 5 JACKET BLACK - SMALL,Black - SM,PART# C402112,In Stock,Free Shipping,$399.95,ADD TO CART
SIMPSON RACING,https://www.simpsonraceproducts.com/products/fire_suits/jackets/apex_karting_jackets/parts/102482,SIMPSON RACING APEX KART RACING JACKET,Black/Black - XL,PART# 102482,,Free Shipping,$218.95,
SIMPSON RACING,https://www.simpsonraceproducts.com/products/fire_suits/jackets/classic_two_piece_racing_suit_sfi-5_jacket/parts/402512,SIMPSON RACING CLASSIC TWO PIECE RACING SUIT SFI-5 JACKET,CLEARANCE ITEM / ALL SALES FINAL - XXL - Black,PART# 402512,In Stock,,,ADD TO CART
SIMPSON RACING,https://www.simpsonraceproducts.com/products/fire_suits/jackets/drag_two_piece_racing_suit_sfi_20_jacket/parts/4803234,SIMPSON RACING DRAG TWO PIECE RACING SUIT SFI 20 JACKET,Medium - Red,PART# 4803234,,Free Shipping,"$1,299.95",
SIMPSON RACING,https://www.simpsonraceproducts.com/products/fire_suits/jackets/drag_two_piece_racing_suit_sfi_20_jacket/parts/4802154,SIMPSON RACING DRAG 6G SFI 20 JACKET W/ ARM RESTRAINTS BLACK SM,Small - Black,PART# 4802154,In Stock,Free Shipping,"$1,349.95",ADD TO CART
SIMPSON RACING,https://www.simpsonraceproducts.com/products/fire_suits/jackets/apex_karting_jackets/parts/102582,SIMPSON RACING APEX KART RACING JACKET,Black/Black - XXL,PART# 102582,,Free Shipping,,
SIMPSON RACING,https://www.simpsonraceproducts.com/products/fire_suits/jackets/apex_karting_jackets/parts/102282,SIMPSON RACING APEX KART RACING JACKET,Black/Black - Medium,PART# 102282,,Free Shipping,,
SIMPSON RACING,https://www.simpsonraceproducts.com/products/fire_suits/jackets/classic_two_piece_racing_suit_sfi-5_jacket/parts/402212,SIMPSON RACING CLASSIC TWO PIECE RACING SUIT SFI-5 JACKET,CLEARANCE ITEM / ALL SALES FINAL - Medium - Black,PART# 402212,In Stock,,,ADD TO CART
SIMPSON RACING,https://www.simpsonraceproducts.com/products/fire_suits/jackets/standard/parts/C402214,CLASSIC SFI 5 JACKET W/ ARM RESTRAINT BLACK - MD,Black - Medium with arm restraints,PART# C402214,,Free Shipping,$481.95,
SIMPSON RACING,https://www.simpsonraceproducts.com/products/fire_suits/jackets/legend_ii_sfi-1/parts/L202272,SIMPSON RACING LEGEND II SFI-1 DRIVING JACKET,CLEARANCE ITEM / ALL SALES FINAL - Medium - Driving Jacket,PART# L202272,,,,
SIMPSON RACING,https://www.simpsonraceproducts.com/products/fire_suits/jackets/apex_karting_jackets/parts/103582,SIMPSON RACING APEX KART RACING JACKET,Red/Black - XXL,PART# 103582,,Free Shipping,$249.95,
SIMPSON RACING,https://www.simpsonraceproducts.com/products/fire_suits/jackets/standard/parts/C402114,CLASSIC SFI 5 JACKET W/ ARM RESTRAINT BLACK - SM,Black - SM with arm restraints,PART# C402114,In Stock,Free Shipping,$481.95,ADD TO CART
SIMPSON RACING,https://www.simpsonraceproducts.com/products/fire_suits/jackets/apex_karting_jackets/parts/102182,SIMPSON RACING APEX KART RACING JACKET,Black/Black - Small,PART# 102182,,Free Shipping,$218.95,
SIMPSON RACING,https://www.simpsonraceproducts.com/products/fire_suits/jackets/apex_karting_jackets/parts/104382,SIMPSON RACING APEX KART RACING JACKET,Kart Jacket,PART# 104382,,,$214.95,
SIMPSON RACING,https://www.simpsonraceproducts.com/products/fire_suits/jackets/apex_karting_jackets/parts/103182,SIMPSON RACING APEX KART RACING JACKET,Red/Black - Small,PART# 103182,,,,
SIMPSON RACING,https://www.simpsonraceproducts.com/products/fire_suits/jackets/apex_karting_jackets/parts/104182,SIMPSON RACING APEX KART RACING JACKET,Kart Jacket,PART# 104182,,,$214.95,
SIMPSON RACING,https://www.simpsonraceproducts.com/products/fire_suits/jackets/apex_karting_jackets/parts/104282,SIMPSON RACING APEX KART RACING JACKET,Kart Jacket,PART# 104282,,,$214.95,
SIMPSON RACING,https://www.simpsonraceproducts.com/products/fire_suits/jackets/drag_two_piece_racing_suit_sfi_20_jacket/parts/4803434,SIMPSON RACING DRAG TWO PIECE RACING SUIT SFI 20 JACKET,XL - Red,PART# 4803434,,Free Shipping,"$1,299.95",
SIMPSON RACING,https://www.simpsonraceproducts.com/products/fire_suits/jackets/drag_two_piece_racing_suit_sfi_15_jacket/parts/4904534,SIMPSON RACING DRAG TWO PIECE RACING SUIT SFI 15 JACKET,XXL - Blue,PART# 4904534,,Free Shipping,"$1,299.95",
