Title_URL,brand,Name_URL,Name,Description,shipsfree,product_in_stock,Discount,Price,Price1,primarybtn,Application,Brand,Category,Color,EmissionCode,GradeType,Material,MountingHardwareIncluded,ProductType,UPC,PartNumber,make,engine
PART# 84130-3,EDGE,https://www.holley.com/products/off-road/parts/84130-3,INSIGHT CTS3,"Insight CTS3 is the industry’s #1 preferred display for trucks, offering premium touchscreen monitoring, advanced diagnostics and customizable gauges. Perfect for towing, it delivers real-time data for peace of mind, safety, and efficiency.",Free Shipping,In Stock,MSRP $562.95,$448.95,$114.00,ADD TO CART,,,,,,,,,,,,,
PART# 85400-200,EDGE,https://www.holley.com/products/off-road/parts/85400-200,EVOLUTION CTS3 FOR DURAMAX,"The Evolution CTS3 for GM Duramax delivers powerful tuning, a sleek touchscreen, and real-time engine monitoring. Boost towing power, throttle response, and efficiency with this premium all-in-one tuner and performance upgrade.",Free Shipping,In Stock,MSRP $814.95,$650.95,$164.00,ADD TO CART,Yes,Yes,No,Yes,Yes,ABS,"
		Edge
		
	",D-802-13,Yes,No,Tuners and Programmers,CHEVROLET (109)GMC (125),403/6.6L V8 (234)
PART# 22451,RANGE TECHNOLOGY,https://www.holley.com/products/off-road/parts/22451,PULSAR LT FOR 2019-2022 GM GAS TRUCKS,"Unlock full control of your GM truck with the Pulsar LT! Adjust throttle response, tire size, gear ratio, and disable AFM/DFM, no tuning or tools needed. Plug-and-play power, performance, and precision for your Silverado, Sierra, or SUV.",Free Shipping,In Stock,MSRP $674.95,$538.95,$136.00,ADD TO CART,no,No,No,No,ABS,"
		Range Technology
		
	",No,No,Tuners and Programmers,No,7,,
PART# 85400-100,EDGE,https://www.holley.com/products/off-road/parts/85400-100,EVOLUTION CTS3 FOR POWER STROKE,"Evolution CTS3 for Ford Power Stroke delivers powerful tuning, a sleek touchscreen, and real-time engine monitoring. Boost towing power, throttle response, and efficiency with this premium all-in-one tuner and performance upgrade.",Free Shipping,In Stock,MSRP $814.95,$650.95,$164.00,ADD TO CART,Yes,Yes,No,Yes,Yes,ABS,"
		Edge
		
	","D-802-13, D-802-5",Yes,No,Tuners and Programmers,,
PART# 85400-300,EDGE,https://www.holley.com/products/off-road/parts/85400-300,EVOLUTION CTS3 FOR CUMMINS,"The Evolution CTS3 for Dodge Ram Cummins delivers powerful tuning, a sleek touchscreen, and real-time engine monitoring. Boost towing power, throttle response, and efficiency with this premium all-in-one tuner and performance upgrade.",Free Shipping,In Stock,MSRP $814.95,$650.95,$164.00,ADD TO CART,Yes,Yes,No,Yes,Yes,ABS,"
		Edge
		
	",D-802-13,Yes,No,Tuners and Programmers,DODGE (77)RAM (20),359/5.9L L6 (45)408/6.7L L6 (52)
PART# 32710,EDGE,https://www.holley.com/products/off-road/parts/32710,EZX MODULE,2019-2024 Ram 2500/3500 Cummins 2019-2024 Ram Cab & Chassis 3500/4500/5500,Free Shipping,,MSRP $821.95,$655.95,$166.00,,no,No,No,No,ABS,"
		Edge
		
	",No,No,Tuners and Programmers,No,7,,
PART# 85450-250,EDGE,https://www.holley.com/products/off-road/parts/85450-250,EDGE EVOLUTION CTS3,1999-2016 GM Vehicles - Gas,Free Shipping,In Stock,MSRP $843.95,$673.95,$170.00,ADD TO CART,Yes,No,No,Yes,Yes,ABS,"
		Edge
		
	",No,No,Tuners and Programmers,Yes,,
PART# 98620,EDGE,https://www.holley.com/products/off-road/parts/98620,EAS EGT KIT - DAILY DRIVER/TOW KIT,Compatible w/ Edge CS2/CTS2/CTS3,Free Shipping,In Stock,MSRP $211.95,$169.15,$42.80,ADD TO CART,"
		Edge
		
	",Tuners and Programmers,Yes,6,Diesel,2.75,9.5,Cables and Adapters,1,6.25,810115013068,,
PART# 20202,EDGE,https://www.holley.com/products/off-road/parts/20202,EZ FOR 2024-2025 GM L5P DURAMAX,"Edge EZ for 2024–2025 GM L5P Duramax adds emissions-safe power, throttle response & towing confidence. Plug-and-play, no-trace, 50-state legal module",Free Shipping,,MSRP $618.95,$493.95,$125.00,,no,Yes,No,No,3,9.5,ABS,6,"
		Edge
		
	",D-115-30,Yes,,
PART# FR84130-3,EDGE,https://www.holley.com/products/off-road/parts/FR84130-3,FACTORY REFURBISHED INSIGHT CTS3,"Insight CTS3 is the industry’s #1 preferred display for trucks, offering premium touchscreen monitoring, advanced diagnostics and customizable gauges. Perfect for towing, it delivers real-time data for peace of mind, safety, and efficiency.",,,MSRP $472.95,$419.95,$53.00,,Yes,Yes,Yes,"
		Edge
		
	",Tuners and Programmers,Yes,Yes,Yes,6,Yes,Yes,CADILLAC (39)CHEVROLET (981)DODGE (489)FORD (1148)GMC (879)HUMMER (17)LINCOLN (19)RAM (597)Show All,/6.7L (11)164/2.7L V6 (18)166/2.7L L4 (8)178/2.9L L4 (4)182/3.0L V6 (63)183/3.0L L6 (28)183/3.0L V6 (10)213/3.5L V6 (78)215/3.5L V6 (6)223/3.7L L5 (8)226/3.7L V6 (3)227/3.7L V6 (9)239/3.9L V6 (52)245/4.0L V6 (100)262/4.3L V6 (7)281/4.6L V8 (57)287/4.7L V8 (111)294/4.8L V8 (141)302/5.0L V8 (67)305/5.0L V8 (3)318/5.2L V8 (35)325/5.3L V8 (594)330/5.4L V8 (269)345/5.7L V8 (350)350/5.7L V8 (50)359/5.9L L6 (50)360/5.9L V8 (85)363/6.0L V8 (59)364/6.0L V8 (372)376/6.2L V8 (136)379/6.2L V8 (47)391/6.4L V8 (39)392/6.4L V8 (126)395/6.5L V8 (3)401/6.6L V8 (57)403/6.6L V8 (364)406/6.7L V8 (165)408/6.7L L6 (238)415/6.8L V10 (120)445/7.3L V8 (85)454/7.4L V8 (22)496/8.1L V8 (119)Show All
PART# 20202-3,EDGE,https://www.holley.com/products/off-road/parts/20202-3,EZ WITH INSIGHT CTS3 FOR 2024-2025 GM L5P DURAMAX,"Edge EZ for 2024–2025 GM L5P Duramax adds emissions-safe power, throttle response & towing confidence. Plug-and-play, no-trace, 50-state legal module",Free Shipping,,"MSRP $1,124.95",$898.95,$226.00,,Yes,Yes,No,No,6,9.5,ABS,4,"
		Edge
		
	",D-115-30,Yes,,
PART# 31501-3,EDGE,https://www.holley.com/products/off-road/parts/31501-3,EDGE JUICE W/ ATTITUDE CTS3,2001-2002 Dodge Ram 2500/3500 - 5.9L Cummins Diesel,Free Shipping,,"MSRP $1,462.95","$1,168.95",$294.00,,Yes,No,No,No,Yes,Yes,4,17,ABS,9.75,"
		Edge
		
	",,
PART# 550-858K,HOLLEY SNIPER EFI,https://www.holley.com/products/off-road/fuel_systems/parts/550-858K,HOLLEY SNIPER EFI BBD MASTER KIT FOR 1971-1986 JEEP CJ - SHINY,Supports Up To 350 HP - 3.5 in. Handheld Monitor - Return Fuel System,Free Shipping,In Stock,"MSRP $1,856.95","$1,483.95",$373.00,ADD TO CART,No,No,"
		Holley Sniper EFI
		
	",No,Air and Fuel Delivery,No,Yes,No,Yes,No,No,,
PART# 30306,EDGE,https://www.holley.com/products/off-road/parts/30306,COMP BOX,2001-2002 Dodge Ram 2500/3500 - 5.9L Cummins Diesel,Free Shipping,,MSRP $877.95,$700.95,$177.00,,"
		Edge
		
	",Tuners and Programmers,Yes,7,Diesel,Diesel,Yes,Yes,Inline Chips and Modules,810065216984,30306,,
PART# 85400-262,EDGE,https://www.holley.com/products/off-road/parts/85400-262,EVOLUTION CTS3 WITH LOCKSMITH,"The Evolution CTS3 for GM Duramax delivers powerful tuning, a sleek touchscreen, and real-time engine monitoring. Boost towing power, throttle response, and efficiency with this premium all-in-one tuner and performance upgrade.",Free Shipping,,MSRP $956.95,$763.95,$193.00,,Yes,No,No,Yes,ABS,"
		Edge
		
	",No,No,Tuners and Programmers,No,7,,
PART# 83601-3,EDGE,https://www.holley.com/products/off-road/parts/83601-3,CS2/CTS2 JUICE TO CTS3 UPGRADE KIT,Upgrade Kit to allow CS2 and CTS2 Juice w/Attitude owners to upgrade to CTS3 in-cab monitor,Free Shipping,In Stock,MSRP $562.95,$448.95,$114.00,ADD TO CART,Yes,No,No,No,Yes,Yes,ABS,"
		Edge
		
	",No,No,Tuners and Programmers,CHEVROLET (51)DODGE (90)GMC (59)RAM (167),359/5.9L L6 (58)403/6.6L V8 (110)408/6.7L L6 (199)
PART# 33710-3,EDGE,https://www.holley.com/products/off-road/parts/33710-3,EZX + INSIGHT CTS3 KIT,2019-2024 Ram 2500/3500 Cummins 2019-2022 Ram Cab & Chassis 3500/4500/5500,Free Shipping,,"MSRP $1,462.95","$1,168.95",$294.00,,Yes,No,No,No,ABS,"
		Edge
		
	",No,No,Tuners and Programmers,Yes,No,,
PART# 30305,EDGE,https://www.holley.com/products/off-road/parts/30305,COMP BOX,1998.5-2000 Dodge Ram 2500/3500 - 5.9L Cummins Diesel,Free Shipping,In Stock,MSRP $877.95,$700.95,$177.00,ADD TO CART,"
		Edge
		
	",Tuners and Programmers,Yes,7,Diesel,Diesel,Yes,Yes,Inline Chips and Modules,810065217240,30305,,
PART# 85452-K,EDGE,https://www.holley.com/products/off-road/parts/85452-K,EVOLUTION CTS3 2019-2022 GM 1500,2019-2022 GM 1500 with 5.3L/6.2L - E90/T93 Unlocking and flashing,Free Shipping,In Stock,"MSRP $1,012.95",$808.95,$204.00,ADD TO CART,Yes,No,No,Yes,ABS,"
		Edge
		
	",No,No,Tuners and Programmers,Yes,No,,
PART# 32454,DIABLOSPORT,https://www.holley.com/products/off-road/parts/32454,DIABLOSPORT PULSAR,Fits 2019-2024 Ram Trucks - 6.4L Hemi,Free Shipping,,MSRP $843.95,$673.95,$170.00,,,,,,,,,,,,,,
PART# 22454,RANGE TECHNOLOGY,https://www.holley.com/products/off-road/parts/22454,PULSAR LT,"Unlock full control of your GM truck with the Pulsar LT! Adjust throttle response, tire size, gear ratio, and disable AFM/DFM, no tuning or tools needed. Plug-and-play power, performance, and precision for your Silverado, Sierra, or SUV.",Free Shipping,In Stock,MSRP $640.95,$499.95,$141.00,ADD TO CART,no,No,No,No,ABS,"
		Range Technology
		
	",No,No,Tuners and Programmers,No,No,,
PART# 85400-261,EDGE,https://www.holley.com/products/off-road/parts/85400-261,EVOLUTION CTS3 WITH LOCKSMITH,"The Evolution CTS3 for GM Duramax delivers powerful tuning, a sleek touchscreen, and real-time engine monitoring. Boost towing power, throttle response, and efficiency with this premium all-in-one tuner and performance upgrade.",Free Shipping,,"MSRP $1,181.95",$943.95,$238.00,,Yes,No,No,Yes,ABS,"
		Edge
		
	",No,No,Tuners and Programmers,No,7,,
PART# 85450-150,EDGE,https://www.holley.com/products/off-road/parts/85450-150,EDGE EVOLUTION CTS3,1999-2020 Ford Vehicles - Gas,Free Shipping,In Stock,MSRP $843.95,$673.95,$170.00,ADD TO CART,Yes,No,No,Yes,Yes,ABS,"
		Edge
		
	",No,No,Tuners and Programmers,Yes,,
PART# 85452-252,EDGE,https://www.holley.com/products/off-road/parts/85452-252,EDGE EVOLUTION 2017-2019 GM GAS CTS3,2017-2019 Chevrolet/GMC/Cadillac/ Gas Vehicles,Free Shipping,In Stock,MSRP $899.95,$718.95,$181.00,ADD TO CART,Yes,Yes,No,Yes,Yes,ABS,"
		Edge
		
	",D-802-10,Yes,No,Tuners and Programmers,,
PART# CSPT0001,SIMPSON MOTORCYCLE,https://www.holley.com/products/off-road/parts/CSPT0001,CARDO/SIMPSON PACKTALK EDGE COMMUNICATION SYSTEM,Pack Talk Communication Device - Simpson X Cardo,Free Shipping,In Stock,,,,ADD TO CART,"
		Simpson Motorcycle
		
	","Vehicles, Equipment, Tools, and Supplies",6,Helmet Communication Kit,Helmet Accessories,"Safety Equipment, Tools and Accessories",090127400319,CSPT0001,,,,,
PART# 85300,EDGE,https://www.holley.com/products/off-road/parts/85300,EDGE DIESEL EVOLUTION CS2 - 50 STATE,1994-2019 Chevrolet/GMC/Ford/Dodge/RAM Diesel Trucks - 50 State Legal,Free Shipping,In Stock,MSRP $562.95,$448.95,$114.00,ADD TO CART,,,,,,,,,,,,,
PART# 31500-3,EDGE,https://www.holley.com/products/off-road/parts/31500-3,EDGE JUICE W/ ATTITUDE CTS3,1998.5-2000 Dodge Ram 2500/3500 - 5.9L Cummins Diesel,Free Shipping,,"MSRP $1,462.95","$1,168.95",$294.00,,Yes,No,No,No,Yes,Yes,4,17,ABS,9.75,"
		Edge
		
	",,
PART# 32453,DIABLOSPORT,https://www.holley.com/products/off-road/parts/32453,DIABLOSPORT PULSAR,Fits 2019-2022 Ram 1500 5.7L Hemi,Free Shipping,In Stock,MSRP $843.95,$673.95,$170.00,ADD TO CART,,,,,,,,,,,,,
PART# 32456,DIABLOSPORT,https://www.holley.com/products/off-road/parts/32456,DIABLOSPORT PULSAR XT,"Fits 2019-2024 Ram 1500 5.7L Hemi, 2019-2024 Ram 1500 3.6L V6",Free Shipping,In Stock,MSRP $562.95,$448.95,$114.00,ADD TO CART,,,,,,,,,,,,,
PART# 22601-3,EDGE,https://www.holley.com/products/off-road/parts/22601-3,PULSAR V3 W/ EDGE INSIGHT CTS3,2020-2023 Chevrolet Silverado/GMC Sierra 2500/3500,Free Shipping,In Stock,"MSRP $1,574.95","$1,258.95",$316.00,ADD TO CART,Yes,No,No,No,ABS,"
		Edge
		
	",No,No,Tuners and Programmers,No,7,,
PART# 98623,EDGE,https://www.holley.com/products/off-road/parts/98623,EDGE EAS STREET DIESEL KIT,Compatible w/ Edge CTS3 and CS2/CTS2,Free Shipping,,MSRP $449.95,$359.95,$90.00,,"
		Edge
		
	",Tuners and Programmers,6,Gas,3,11,Cables and Adapters,2.5,9,810065218681,98623,,
PART# 84030,EDGE,https://www.holley.com/products/off-road/parts/84030,EDGE INSIGHT - CS2,"Insight CS2 is a budget-friendly digital monitor offering real-time performance data, customizable gauges, and easy diagnostics. Track efficiency, spot issues fast, and optimize your ride with this affordable, high-value display.",Free Shipping,In Stock,MSRP $367.95,$294.25,$73.70,ADD TO CART,,,,,,,,,,,,,
PART# 84140,EDGE,https://www.holley.com/products/off-road/parts/84140,INSIGHT+ MONITOR AND CUSTOM TUNING DEVICE,"Insight+ is a premium display offering real-time monitoring and the ability to read and write custom tuning. It delivers exceptional control, performance, and diagnostic precision for drivers seeking custom calibration and advanced data.",Free Shipping,In Stock,MSRP $674.95,$538.95,$136.00,ADD TO CART,Yes,Yes,Yes,"
		Edge
		
	",Tuners and Programmers,Yes,Yes,Yes,Yes,7,Yes,,
PART# 21501-3,EDGE,https://www.holley.com/products/off-road/parts/21501-3,EDGE JUICE W/ ATTITUDE CTS3,2004.5-2005 LLY Duramax,Free Shipping,In Stock,"MSRP $1,462.95","$1,168.95",$294.00,ADD TO CART,Yes,No,No,No,Yes,Yes,4,17,ABS,9.75,"
		Edge
		
	",,
PART# 550-858,HOLLEY SNIPER EFI,https://www.holley.com/products/off-road/fuel_systems/parts/550-858,HOLLEY SNIPER EFI BBD FOR 1971-1986 JEEP CJ - SHINY,Supports Up To 350 HP - 3.5 in. Handheld Monitor - No Fuel System,Free Shipping,In Stock,"MSRP $1,518.95","$1,213.95",$305.00,ADD TO CART,No,No,"
		Holley Sniper EFI
		
	",No,Air and Fuel Delivery,No,Yes,No,Yes,No,No,,
PART# 21500-3,EDGE,https://www.holley.com/products/off-road/parts/21500-3,EDGE JUICE W/ ATTITUDE CTS3,2001-2004 LB7 Duramax,Free Shipping,In Stock,"MSRP $1,462.95","$1,168.95",$294.00,ADD TO CART,Yes,No,No,No,Yes,Yes,4,17,ABS,9.75,"
		Edge
		
	",,
PART# 22602-3,EDGE,https://www.holley.com/products/off-road/parts/22602-3,PULSAR V3 W/ EDGE INSIGHT CTS3,2017-2019 Chevrolet Silverado/GMC Sierra 2500/3500,Free Shipping,,"MSRP $1,574.95","$1,258.95",$316.00,,Yes,No,No,No,ABS,"
		Edge
		
	",No,No,Tuners and Programmers,No,7,,
PART# 31507-3,EDGE,https://www.holley.com/products/off-road/parts/31507-3,EDGE JUICE W/ ATTITUDE CTS3,2013-2018 Dodge Ram 2500/3500 - 6.7L Cummins Diesel,Free Shipping,In Stock,"MSRP $1,462.95","$1,168.95",$294.00,ADD TO CART,Yes,No,No,No,Yes,Yes,4,17,ABS,9.75,"
		Edge
		
	",,
PART# 22710,EDGE,https://www.holley.com/products/off-road/parts/22710,EZX MODULE,2020-2022 GM 1500 - 3.0L Duramax Diesel,Free Shipping,In Stock,MSRP $843.95,$673.95,$170.00,ADD TO CART,no,No,No,No,ABS,"
		Edge
		
	",No,No,Tuners and Programmers,No,7,,
PART# 31504-3,EDGE,https://www.holley.com/products/off-road/parts/31504-3,EDGE JUICE W/ ATTITUDE CTS3,2006-2007 Dodge Ram 2500/3500 - 5.9L Cummins Diesel,Free Shipping,In Stock,"MSRP $1,462.95","$1,168.95",$294.00,ADD TO CART,Yes,No,No,No,Yes,Yes,4,17,ABS,9.75,"
		Edge
		
	",,
PART# 21502-3,EDGE,https://www.holley.com/products/off-road/parts/21502-3,EDGE JUICE W/ ATTITUDE CTS3,2006-2007 LBZ Duramax,Free Shipping,In Stock,"MSRP $1,462.95","$1,168.95",$294.00,ADD TO CART,Yes,No,No,No,Yes,Yes,4,17,ABS,9.75,"
		Edge
		
	",,
PART# 85350,EDGE,https://www.holley.com/products/off-road/parts/85350,EDGE EVOLUTION CS2,Gas Tuner/Monitor - 50 State Legal,Free Shipping,In Stock,MSRP $562.95,$448.95,$114.00,ADD TO CART,,,,,,,,,,,,,
PART# CS45-295512-B,CARROLL SHELBY WHEELS,https://www.holley.com/products/off-road/parts/CS45-295512-B,CARROLL SHELBY WHEELS CS45 - 20 X 9 IN. - 12MM OFFSET - GLOSS BLACK,Fits 2005 & Up F150 Ford Trucks,,In Stock,MSRP $544.95,$434.95,$110.00,ADD TO CART,,,,,,,,,,,,,
PART# 85401-101,EDGE,https://www.holley.com/products/off-road/parts/85401-101,EVOLUTION CTS3 - 50 STATE LEGAL,"The Evolution CTS3 for Ford Powerstroke delivers powerful tuning, a sleek touchscreen, and real-time engine monitoring. Boost towing power, throttle response, and efficiency with this premium all-in-one tuner and performance upgrade.",Free Shipping,In Stock,MSRP $899.95,$718.95,$181.00,ADD TO CART,Yes,Yes,No,No,Yes,ABS,"
		Edge
		
	","D-802-13, D-802-5",Yes,No,Tuners and Programmers,FORD (257),363/6.0L V8 (58)391/6.4L V8 (39)406/6.7L V8 (96)445/7.3L V8 (64)
PART# 31503-3,EDGE,https://www.holley.com/products/off-road/parts/31503-3,EDGE JUICE W/ ATTITUDE CTS3,2004.5-2005 Dodge Ram 2500/3500 - 5.9L Cummins Diesel,Free Shipping,In Stock,"MSRP $1,462.95","$1,168.95",$294.00,ADD TO CART,Yes,No,No,No,Yes,Yes,4,17,ABS,9.75,"
		Edge
		
	",,
PART# 565-307K,HOLLEY SNIPER EFI,https://www.holley.com/products/off-road/ignition_and_electrical/parts/565-307K,HYPERSPARK KIT W/ 565-307 - JEEP 258 CID I6,"Includes distributor, ignition box, ignition coil, and main harness",Free Shipping,In Stock,"MSRP $1,124.95",$898.95,$226.00,ADD TO CART,No,Locked-Out,"
		Holley Sniper EFI
		
	",Black,Male,Fuel Injection - EFI,Ignition,No,No,Polished,Yes,,
PART# 120020CAT,CATACLEAN,https://www.holley.com/products/off-road/fuel_systems/parts/120020CAT,CATACLEAN - FUEL AND EXHAUST SYSTEM CLEANER - GASOLINE - 8 OZ.,Small engine/Powersports application in a convenient 8 ounce bottle,Free Shipping,In Stock,MSRP $15.74,$10.49,$5.25,ADD TO CART,,,,,,,,,,,,,
PART# 32451,DIABLOSPORT,https://www.holley.com/products/off-road/parts/32451,DIABLOSPORT PULSAR,Fits 2015-2018 Ram 1500 5.7L Hemi,Free Shipping,In Stock,MSRP $843.95,$673.95,$170.00,ADD TO CART,,,,,,,,,,,,,
PART# 717857,FLOWMASTER,https://www.holley.com/products/off-road/exhaust/parts/717857,FLOWMASTER FLOW FX CAT-BACK EXHAUST SYSTEM,Fits 2014-2019* (*Classic body only) GM Silverado/Sierra 1500 4.3L & 5.3L engines. - Moderate sound,,In Stock,MSRP $759.95,$606.95,$153.00,ADD TO CART,,,,,,,,,,,,,
PART# 31502-3,EDGE,https://www.holley.com/products/off-road/parts/31502-3,EDGE JUICE W/ ATTITUDE CTS3,2003-2004 Dodge Ram 2500/3500 - 5.9L Cummins Diesel,Free Shipping,In Stock,"MSRP $1,462.95","$1,168.95",$294.00,ADD TO CART,Yes,No,No,No,Yes,Yes,4,17,ABS,9.75,"
		Edge
		
	",,
PART# 817936,FLOWMASTER,https://www.holley.com/products/off-road/exhaust/parts/817936,FLOWMASTER OUTLAW CAT-BACK EXHAUST SYSTEM,"Fits 2019*-2024, 2026 (*New body) RAM 1500 5.7L Hemi, 2/4 Wheel Drive, All Wheelbases. - Aggressive sound",,In Stock,"MSRP $1,214.95",$970.95,$244.00,ADD TO CART,,,,,,,,,,,,,
PART# 718100,FLOWMASTER,https://www.holley.com/products/off-road/exhaust/parts/718100,FLOWMASTER FLOW FX CAT-BACK EXHAUST SYSTEM,"Fits 2017-2026 Ford F250/F350 Super Duty with 6.2, 6.8 and 7.3-Liter V8, Flow FX Cat-Back, Dual Side Exit, Stainless Steel Exhaust System",Free Shipping,In Stock,MSRP $989.95,$790.95,$199.00,ADD TO CART,"
		Flowmaster
		
	",Yes,Yes,No,0,Exhaust,Flat Band,Yes,5,FlowFX,Black,,
PART# 818171,FLOWMASTER,https://www.holley.com/products/off-road/exhaust/parts/818171,FLOWMASTER OUTLAW DIRECT FIT MUFFLER,"Fits 2021-2025 Ford F-150 with 2.7, 3.5 and 5.0-liter non-PowerBoost engines with factory dual tailpipes",Free Shipping,In Stock,MSRP $506.95,$403.95,$103.00,ADD TO CART,,,409 Stainless Steel,9.50 IN,"
		Flowmaster
		
	",Exhaust,Flat Band,Yes,5,Outlaw,0,,
PART# 32452,DIABLOSPORT,https://www.holley.com/products/off-road/parts/32452,DIABLOSPORT PULSAR,Fits 2015-2018 Ram 2500 6.4L Hemi,Free Shipping,In Stock,MSRP $843.95,$673.95,$170.00,ADD TO CART,,,,,,,,,,,,,
PART# 818112,FLOWMASTER,https://www.holley.com/products/off-road/exhaust/parts/818112,FLOWMASTER OUTLAW CAT-BACK EXHAUST SYSTEM,"Fits 2020-2026 GM Silverado/Sierra 2500HD/3500HD 6.6L Gas V8, Outlaw Series, 3.50"" to Dual 3.00"" Cat-Back, Dual Rear Exit, Stainless Steel Exhaust System",Free Shipping,In Stock,"MSRP $1,091.95",$871.95,$220.00,ADD TO CART,"
		Flowmaster
		
	",Yes,Yes,No,0,Exhaust,Flat Band,Yes,5,Outlaw,Silver,,
PART# 85453-K,EDGE,https://www.holley.com/products/off-road/parts/85453-K,EVOLUTION CTS3 2020-2023 GM 2500/3500 6.6L GAS,2020-2023 GM 2500/3500 6.6L Gas - Unlocking and flashing,Free Shipping,In Stock,"MSRP $1,012.95",$808.95,$204.00,ADD TO CART,Yes,No,No,Yes,ABS,"
		Edge
		
	",No,No,Tuners and Programmers,Yes,No,,
PART# 817846,FLOWMASTER,https://www.holley.com/products/off-road/exhaust/parts/817846,FLOWMASTER OUTLAW DIRECT FIT MUFFLER,"Fits 2019-2024, 2026 RAM 1500 (New body) 5.7L Hemi engine. - Aggressive Sound",Free Shipping,In Stock,MSRP $449.95,$359.95,$90.00,ADD TO CART,4.00 IN,4.00 IN,10.50 IN,409 Stainless Steel,4.00 IN,"
		Flowmaster
		
	",No,Exhaust,Flat Band,No,5,,
PART# 717930,FLOWMASTER,https://www.holley.com/products/off-road/exhaust/parts/717930,FLOWMASTER FLOW FX CAT-BACK EXHAUST SYSTEM,"Fits 2014-2024 RAM 2500/3500 6.4L V8 Flow FX 3.50"" Cat-Back, Single Side Exit, Stainless Steel Exhaust System",Free Shipping,In Stock,MSRP $782.95,$625.95,$157.00,ADD TO CART,,,,,,,,,,,,,
PART# 28600,EDGE,https://www.holley.com/products/off-road/parts/28600,A-PILLAR DISPLAY MOUNT,2015-2019 Chevrolet Silverado/GMC Sierra 2500/3500,,,MSRP $72.95,$57.75,$15.20,,,,,,,,,,,,,,
PART# 817916,FLOWMASTER,https://www.holley.com/products/off-road/exhaust/parts/817916,FLOWMASTER OUTLAW EXTREME CAT-BACK EXHAUST SYSTEM,"Fits 2014-2019* (*Classic body) GM Silverado/Sierra 1500, 4.3L & 5.3L engines. - Aggressive sound",Free Shipping,In Stock,MSRP $494.95,$394.95,$100.00,ADD TO CART,,,,,,,,,,,,,
PART# 28602,EDGE,https://www.holley.com/products/off-road/parts/28602,CTS3 PILLAR DISPLAY MOUNT 2001-2007 GM CLASSIC 2500/3500,CTS3 Pillar Display Mount for 2001-2007 GM Classic 2500/3500,Free Shipping,,MSRP $91.95,$73.55,$18.40,,,,,,,,,,,,,,
PART# 30201,EDGE,https://www.holley.com/products/off-road/parts/30201,EDGE EZ TUNER,2001-2002 Dodge Ram 2500/3500 - 5.9L Cummins Diesel,Free Shipping,In Stock,MSRP $618.95,$493.95,$125.00,ADD TO CART,,,,,,,,,,,,,
PART# 28601,EDGE,https://www.holley.com/products/off-road/parts/28601,A-PILLAR DISPLAY MOUNT 2020-2023 GM 2500/3500 AND 2019-2022 GM 1500,2020-2023 Chevrolet Silverado/GMC Sierra 2500/3500 and 2019-2022 GM 1500,,,MSRP $79.95,$63.55,$16.40,,,,,,,,,,,,,,
PART# 22403,EDGE,https://www.holley.com/products/off-road/parts/22403,EDGE PULSAR MD,2019-2023 Chevrolet Silverado MD 4500/5500/6500 L5D Duramax Diesel,Free Shipping,In Stock,"MSRP $1,237.95",$988.95,$249.00,ADD TO CART,,,,,,,,,,,,,
PART# 85401-201,EDGE,https://www.holley.com/products/off-road/parts/85401-201,EVOLUTION CTS3 - 50 STATE LEGAL,"The Evolution CTS3 for GM Duramax delivers powerful tuning, a sleek touchscreen, and real-time engine monitoring. Boost towing power, throttle response, and efficiency with this premium all-in-one tuner and performance upgrade.",Free Shipping,In Stock,MSRP $899.95,$718.95,$181.00,ADD TO CART,,,,,,,,,,,,,
PART# 31701-3,EDGE,https://www.holley.com/products/off-road/parts/31701-3,EDGE COMPETITION JUICE W/ ATTITUDE CTS3,2001-2002 Dodge Ram 2500/3500 - 5.9L Cummins Diesel,Free Shipping,In Stock,"MSRP $1,743.95","$1,393.95",$350.00,ADD TO CART,,,,,,,,,,,,,
PART# 18604,EDGE,https://www.holley.com/products/off-road/parts/18604,A-PILLAR DISPLAY MOUNT,2004.5-2007 Ford Super Duty&Excursion w/Grab Handle,,,MSRP $78.95,$63.05,$15.90,,,,,,,,,,,,,,
PART# 38405,EDGE,https://www.holley.com/products/off-road/parts/38405,EDGE PILLAR POD,2010-2018 - RAM 2500/3500 - 6.7L Cummins Diesel,Free Shipping,In Stock,MSRP $168.95,$134.95,$34.00,ADD TO CART,,,,,,,,,,,,,
PART# 12452,SUPERCHIPS,https://www.holley.com/products/off-road/parts/12452,PULSAR XT FOR 2021-2025 FORD BRONCO,2021-2025 Ford Bronco 2.3L/2.7L and 2022-2025 3.0L Bronco Raptor,Free Shipping,In Stock,MSRP $755.95,$603.95,$152.00,ADD TO CART,,,,,,,,,,,,,
PART# 31505-3,EDGE,https://www.holley.com/products/off-road/parts/31505-3,EDGE JUICE W/ ATTITUDE CTS3,2007.5-2012 Dodge Ram 2500/3500 - 6.7L Cummins Diesel,Free Shipping,In Stock,"MSRP $1,462.95",$999.95,$463.00,ADD TO CART,,,,,,,,,,,,,
PART# 98605,EDGE,https://www.holley.com/products/off-road/parts/98605,EAS UNIVERSAL SENSOR INPUT - 5 VOLT,Compatible w/ Edge CS2/CTS2/CTS3,Free Shipping,,MSRP $271.95,$216.85,$55.10,,,,,,,,,,,,,,
PART# 85400-101,EDGE,https://www.holley.com/products/off-road/parts/85400-101,EVOLUTION CTS3 WITH LOCKSMITH,"The Evolution CTS3 for Ford Power Stroke delivers powerful tuning, a sleek touchscreen, and real-time engine monitoring. Boost towing power, throttle response, and efficiency with this premium all-in-one tuner and performance upgrade.",Free Shipping,In Stock,"MSRP $1,012.95",$808.95,$204.00,ADD TO CART,,,,,,,,,,,,,
PART# 817854,FLOWMASTER,https://www.holley.com/products/off-road/exhaust/parts/817854,FLOWMASTER OUTLAW CAT-BACK EXHAUST SYSTEM,Fits 2019-2026 (New body) Chevrolet Silverado 1500/GMC Sierra 1500 Crew Cab and Double Cab models with 5.3L engine. - Aggressive sound,,In Stock,"MSRP $1,316.95","$1,051.95",$265.00,ADD TO CART,,,,,,,,,,,,,
PART# 85401-301,EDGE,https://www.holley.com/products/off-road/parts/85401-301,EVOLUTION CTS3 - 50 STATE LEGAL,"The Evolution CTS3 for Dodge Ram Cummins delivers powerful tuning, a sleek touchscreen, and real-time engine monitoring. Boost towing power, throttle response, and efficiency with this premium all-in-one tuner and performance upgrade.",Free Shipping,In Stock,MSRP $899.95,$718.95,$181.00,ADD TO CART,,,,,,,,,,,,,
PART# 818120,FLOWMASTER,https://www.holley.com/products/off-road/exhaust/parts/818120,FLOWMASTER OUTLAW AXLE-BACK EXHAUST SYSTEM,"Fits 2021-2025 Ford Bronco 2.3L/2.7L Outlaw Axle-Back, Dual Exit",,In Stock,MSRP $580.95,$463.95,$117.00,ADD TO CART,,,,,,,,,,,,,
PART# 22600-3,EDGE,https://www.holley.com/products/off-road/parts/22600-3,EDGE PULSAR KIT W/ INSIGHT CTS3,2017-2019 Chevrolet Silverado/GMC Sierra 2500/3500 - Duramax L5P,Free Shipping,,"MSRP $1,574.95","$1,258.95",$316.00,,,,,,,,,,,,,,
PART# 718130,FLOWMASTER,https://www.holley.com/products/off-road/exhaust/parts/718130,FLOWMASTER FLOW FX CAT-BACK EXHAUST SYSTEM,"Fits 2014-2024 RAM 2500 6.4-Liter HEMI, Cat-Back, Dual Rear Exit, Flow FX Stainless Steel Exhaust System",Free Shipping,In Stock,"MSRP $1,259.95","$1,006.95",$253.00,ADD TO CART,,,,,,,,,,,,,
PART# 85450-350,EDGE,https://www.holley.com/products/off-road/parts/85450-350,EDGE EVOLUTION CTS3,Chrysler/Dodge/Jeep/Ram Vehicles - 1999-2014 Gas,Free Shipping,In Stock,MSRP $843.95,$673.95,$170.00,ADD TO CART,,,,,,,,,,,,,
PART# 98109,EDGE,https://www.holley.com/products/off-road/parts/98109,"REPLACEMENT POWER CABLE FOR CTS3, TRINITY 2, AND TRAILDASH 3.","Replacement cable for CTS3, Trinity 2, TrailDash 3.",,In Stock,MSRP $38.19,$30.56,$7.63,ADD TO CART,,,,,,,,,,,,,
PART# 26401,EDGE,https://www.holley.com/products/off-road/parts/26401,EVOHT2 WITH ECM/TCM UNLOCK FOR 2020-2023 GM L5P DURAMAX,EvoHT2 for 20-23 GM Duramax - Now with ECM and TCM Tuning!,Free Shipping,In Stock,"MSRP $1,124.95",$898.95,$226.00,ADD TO CART,,,,,,,,,,,,,
PART# 98617,EDGE,https://www.holley.com/products/off-road/parts/98617,EAS COMPETITION KIT,"Includes EGT, Boost, and Temp sensors",Free Shipping,In Stock,MSRP $618.95,$493.95,$125.00,ADD TO CART,,,,,,,,,,,,,
PART# 38602,EDGE,https://www.holley.com/products/off-road/parts/38602,A-PILLAR DISPLAY MOUNT,2010-2018 Ram Trucks,,,MSRP $69.95,$55.75,$14.20,,,,,,,,,,,,,,
PART# 717943,FLOWMASTER,https://www.holley.com/products/off-road/exhaust/parts/717943,FLOWMASTER FLOW FX CAT-BACK EXHAUST SYSTEM,"Fits 2017-2026 Ford F-250/F-350 Super duty 6.2L/6.8L/7.3L V8 Flow FX 3.5"" Cat-Back, Single Side Exit, Stainless Steel Exhaust System",Free Shipping,In Stock,MSRP $787.95,$628.95,$159.00,ADD TO CART,,,,,,,,,,,,,
PART# 717873,FLOWMASTER,https://www.holley.com/products/off-road/exhaust/parts/717873,FLOWMASTER FLOW FX CAT-BACK EXHAUST SYSTEM,"Fits 1999-2007 (Classic Body) GM 1500 4.3L, 4.8L, 5.3L with 143.5 inch wheelbase, single exit - Aggressive to moderate sound",Free Shipping,In Stock,MSRP $674.95,$538.95,$136.00,ADD TO CART,,,,,,,,,,,,,
PART# 26402,EDGE,https://www.holley.com/products/off-road/parts/26402,EVOHT2 WITH ECM UNLOCK TOOL FOR 2017-2019 GM L5P DURAMAX,EvoHT2 for 17-19 GM Duramax - Now with ECM Unlock Capabilities!,Free Shipping,In Stock,MSRP $867.95,$692.95,$175.00,ADD TO CART,,,,,,,,,,,,,
PART# 23710-3,EDGE,https://www.holley.com/products/off-road/parts/23710-3,EZX + INSIGHT CTS3 KIT,2020-2022 GM 1500 - 3.0L Duramax Diesel,Free Shipping,,"MSRP $1,518.95","$1,213.95",$305.00,,,,,,,,,,,,,,
PART# 12451,SUPERCHIPS,https://www.holley.com/products/off-road/parts/12451,PULSAR XT FOR 2021-2025 FORD F150 AND RAPTOR,Pulsar XT for 2021-2025 Ford F150 2.7L/3.5L,Free Shipping,In Stock,MSRP $755.95,$603.95,$152.00,ADD TO CART,,,,,,,,,,,,,
PART# 30200,EDGE,https://www.holley.com/products/off-road/parts/30200,EDGE EZ TUNER,1998.5-2000 Dodge Ram 2500/3500 - 5.9L Cummins Diesel,Free Shipping,In Stock,MSRP $618.95,$493.95,$125.00,ADD TO CART,,,,,,,,,,,,,
PART# 300-10RTF-A00,ADS,https://www.holley.com/products/off-road/ads_off-road_suspension/parts/300-10RTF-A00,ADS   Direct Fit 3 in. Adjustable Reservoir Race Coilovers - Front,Fits   2010-2014 Ford F-150 SVT Raptor - Provides 1-3 in. Front Lift,Free Shipping,In Stock,,,,ADD TO CART,,,,,,,,,,,,,
PART# 717885,FLOWMASTER,https://www.holley.com/products/off-road/exhaust/parts/717885,FLOWMASTER FLOW FX CAT-BACK EXHAUST SYSTEM,"Fits 2011-2018 GM Silverado/Sierra 1500 6.2L V8 Flow FX 3.5"" Cat-Back, Single Side Exit, Stainless Steel Exhaust System",Free Shipping,In Stock,MSRP $686.95,$547.95,$139.00,ADD TO CART,,,,,,,,,,,,,
PART# 817961,FLOWMASTER,https://www.holley.com/products/off-road/exhaust/parts/817961,FLOWMASTER OUTLAW EXTREME CAT-BACK EXHAUST SYSTEM,"Fits 2003-2024 Toyota 4Runner 4.0L. Outlaw Extreme Stainless Steel, 3.0"" High Clearance Cat-Back Exhaust System",Free Shipping,In Stock,MSRP $551.95,$439.95,$112.00,ADD TO CART,,,,,,,,,,,,,
PART# 817633,FLOWMASTER,https://www.holley.com/products/off-road/exhaust/parts/817633,FLOWMASTER OUTLAW DIRECT FIT MUFFLER,"Fits 2009-2024* (*Classic body) RAM 1500, 5.7L Hemi, 2/4 Wheel Drive and all Wheelbases - Aggressive sound",Free Shipping,In Stock,MSRP $539.95,$430.95,$109.00,ADD TO CART,,,,,,,,,,,,,
PART# 717944,FLOWMASTER,https://www.holley.com/products/off-road/exhaust/parts/717944,FLOWMASTER FLOW FX CAT-BACK EXHAUST SYSTEM,"Fits 2016-2023 Toyota Tacoma with 3.5L, 2.5-inch Cat-Back, Stainless Steel",Free Shipping,In Stock,MSRP $618.95,$493.95,$125.00,ADD TO CART,,,,,,,,,,,,,
PART# 717881,FLOWMASTER,https://www.holley.com/products/off-road/parts/717881,FLOWMASTER FLOW FX CAT-BACK EXHAUST SYSTEM,"2005-2015 Tacoma 4.0L engine, FlowFX stainless steel, single exit, cat-back exhaust system, 2/4 WD, All Wheelbases. - Moderate sound",Free Shipping,In Stock,MSRP $618.95,$493.95,$125.00,ADD TO CART,,,,,,,,,,,,,
PART# 817895,FLOWMASTER,https://www.holley.com/products/off-road/exhaust/parts/817895,FLOWMASTER AMERICAN THUNDER CAT-BACK EXHAUST SYSTEM,Fits 2019-2026 (New body) Chevrolet Silverado 1500/GMC Sierra 1500 with 5.3L engine. - Aggressive to moderate sound,,In Stock,"MSRP $1,255.95","$1,003.95",$252.00,ADD TO CART,,,,,,,,,,,,,
PART# 31700-3,EDGE,https://www.holley.com/products/off-road/parts/31700-3,EDGE COMPETITION JUICE W/ ATTITUDE CTS3,1998.5-2000 Dodge Ram 2500/3500 - 5.9L Cummins Diesel,Free Shipping,,"MSRP $1,743.95","$1,393.95",$350.00,,,,,,,,,,,,,,
PART# 718111,FLOWMASTER,https://www.holley.com/products/off-road/exhaust/parts/718111,FLOWMASTER FLOW FX CAT-BACK EXHAUST SYSTEM,"Fits 2020-2025 GM 2500HD/3500HD 6.6-Liter Gas, Cat-Back, Dual Side Exit, Stainless Steel Exhaust System",Free Shipping,In Stock,MSRP $989.95,$790.95,$199.00,ADD TO CART,,,,,,,,,,,,,
PART# 817981,FLOWMASTER,https://www.holley.com/products/off-road/exhaust/parts/817981,FLOWMASTER OUTLAW CAT-BACK EXHAUST SYSTEM,"Fits 2021-2025 Ford F-150 2.7L, 3.5L, 5.0L, 3.0"" Outlaw Dual Exit Stainless Steel Cat-Back Exhaust System",Free Shipping,In Stock,"MSRP $1,237.95",$988.95,$249.00,ADD TO CART,,,,,,,,,,,,,
PART# 817959,FLOWMASTER,https://www.holley.com/products/off-road/exhaust/parts/817959,FLOWMASTER OUTLAW EXTREME CAT-BACK EXHAUST SYSTEM,"2016-2023 Toyota Tacoma 3.5L Outlaw Extreme Stainless Steel, 3.0"" High Clearance Cat-Back Exhaust System",Free Shipping,In Stock,MSRP $487.95,$388.95,$99.00,ADD TO CART,,,,,,,,,,,,,
PART# 28500,EDGE,https://www.holley.com/products/off-road/parts/28500,EDGE DASH POD,2001-2007 Chevrolet Silverado/GMC Sierra,Free Shipping,In Stock,MSRP $100.95,$80.55,$20.40,ADD TO CART,,,,,,,,,,,,,
PART# 98607,EDGE,https://www.holley.com/products/off-road/parts/98607,EAS PRESSURE SENSOR - 0-100 PSIG,Compatible w/ Edge CS2/CTS2/CTS3 - 1/8 in. NPT,Free Shipping,,MSRP $233.95,$187.15,$46.80,,,,,,,,,,,,,,
PART# 717869,FLOWMASTER,https://www.holley.com/products/off-road/exhaust/parts/717869,FLOWMASTER FLOW FX CAT-BACK EXHAUST SYSTEM,Fits 2014-2019* (*Classic body) GM Silverado/Sierra 1500 Crew Cab and Double Cab models with 5.3L engines. - Aggressive to moderate sound,Free Shipping,In Stock,"MSRP $1,001.95",$799.95,$202.00,ADD TO CART,,,,,,,,,,,,,
PART# 31508-3,EDGE,https://www.holley.com/products/off-road/parts/31508-3,EDGE JUICE W/ ATTITUDE CTS3,2019-2021 Dodge Ram 2500/3500 - 6.7L Cummins Diesel,Free Shipping,,"MSRP $1,462.95","$1,168.95",$294.00,,,,,,,,,,,,,,
PART# 718105,FLOWMASTER,https://www.holley.com/products/off-road/exhaust/parts/718105,FLOWMASTER FLOW FX CAT-BACK EXHAUST SYSTEM,"Fits 2017-2024 Nissan Titan 5.6-Liter, FlowFX Cat-Back, Dual Same Side Out Exit, Stainless Steel Exhaust System",Free Shipping,In Stock,MSRP $899.95,$718.95,$181.00,ADD TO CART,,,,,,,,,,,,,
PART# 817602,FLOWMASTER,https://www.holley.com/products/off-road/exhaust/parts/817602,FLOWMASTER AMERICAN THUNDER CAT-BACK EXHAUST SYSTEM,"Fits 2011-2018 Chevrolet Silverado 1500, GMC Sierra 1500 with 6.2L engine. - Aggressive to moderate sound",Free Shipping,In Stock,"MSRP $1,237.95",$714.95,$523.00,ADD TO CART,,,,,,,,,,,,,
PART# 817575,FLOWMASTER,https://www.holley.com/products/off-road/exhaust/parts/817575,FLOWMASTER FORCE II CAT-BACK EXHAUST SYSTEM,"Fits 2011-2021 Jeep Grand Cherokee 3.6, 5.7-Liter, Force II Cat-Back 2.5"" Stainless Steel Exhaust System, Dual Out Rear Exit",Free Shipping,,"MSRP $1,631.95","$1,303.95",$328.00,,,,,,,,,,,,,,
PART# 31401,EDGE,https://www.holley.com/products/off-road/parts/31401,EDGE JUICE W/ ATTITUDE - CS2,2001-2002 Dodge Ram 2500/3500 - 5.9L Cummins Diesel,Free Shipping,In Stock,"MSRP $1,181.95",$943.95,$238.00,ADD TO CART,,,,,,,,,,,,,
PART# 817958,FLOWMASTER,https://www.holley.com/products/off-road/exhaust/parts/817958,FLOWMASTER OUTLAW EXTREME CAT-BACK EXHAUST SYSTEM,"2020-2025 Jeep Gladiator JT 3.6L Outlaw Extreme Stainless Steel 3.0"" Cat-Back Exhaust System",Free Shipping,In Stock,MSRP $479.95,$382.95,$97.00,ADD TO CART,,,,,,,,,,,,,
PART# 38603,EDGE,https://www.holley.com/products/off-road/parts/38603,A-PILLAR DISPLAY MOUNT,2019-2025 Ram 2500/3500,,,MSRP $76.95,$61.25,$15.70,,,,,,,,,,,,,,
PART# 31400,EDGE,https://www.holley.com/products/off-road/parts/31400,EDGE JUICE W/ ATTITUDE CS2,1998.5-2000 Dodge Ram 2500/3500 - 5.9L Cummins Diesel - 50 State Legal,Free Shipping,In Stock,"MSRP $1,181.95",$943.95,$238.00,ADD TO CART,,,,,,,,,,,,,
PART# 818121,FLOWMASTER,https://www.holley.com/products/off-road/exhaust/parts/818121,FLOWMASTER AMERICAN THUNDER AXLE-BACK EXHAUST SYSTEM,"Fits 2021-2025 Ford Bronco 2.3L/2.7L, American Thunder Axle-Back, Single Exit",Free Shipping,In Stock,MSRP $588.95,$469.95,$119.00,ADD TO CART,,,,,,,,,,,,,
PART# 718123,FLOWMASTER,https://www.holley.com/products/off-road/exhaust/parts/718123,FLOWMASTER FLOW FX AXLE-BACK EXHAUST SYSTEM,"Fits 2021-2025 Ford Bronco 2.3L/2.7L, Flow FX Axle-Back, Dual Exit",Free Shipping,In Stock,MSRP $584.95,$466.95,$118.00,ADD TO CART,,,,,,,,,,,,,
PART# 718172,FLOWMASTER,https://www.holley.com/products/off-road/exhaust/parts/718172,FLOWMASTER FLOW FX DIRECT FIT MUFFLER,"Fits 2021-2025 Ford F-150 with 2.7, 3.5 and 5.0-liter non-PowerBoost engines with factory dual tailpipes",Free Shipping,In Stock,MSRP $449.95,$359.95,$90.00,ADD TO CART,,,,,,,,,,,,,
PART# 818101,FLOWMASTER,https://www.holley.com/products/off-road/exhaust/parts/818101,FLOWMASTER OUTLAW CAT-BACK EXHAUST SYSTEM,"Fits 2021-2025 Ford Bronco 2.3L/2.7L, Outlaw Cat-Back, Dual Exit, 4 Door Models",Free Shipping,In Stock,MSRP $872.95,$504.95,$368.00,ADD TO CART,,,,,,,,,,,,,
PART# 28862-2,SUPERCHIPS,https://www.holley.com/products/off-road/parts/28862-2,AMP'D 2.0 PEDAL CONTROLLER W/WIRELESS SWITCH,2013-2025 GM Gas,Free Shipping,,MSRP $314.95,$251.95,$63.00,,,,,,,,,,,,,,
PART# 84130-DFM,EDGE,https://www.holley.com/products/off-road/parts/84130-DFM,INSIGHT CTS3 WITH RANGE DFM MODULE KIT,Insight CTS3 with Range DFM Module,Free Shipping,In Stock,MSRP $776.95,$619.95,$157.00,ADD TO CART,,,,,,,,,,,,,
PART# 717664,FLOWMASTER,https://www.holley.com/products/off-road/exhaust/parts/717664,FLOWMASTER FLOW FX CAT-BACK EXHAUST SYSTEM,"2009-2021 Toyota Tundra with 4.0L, 4.6L, 4.7L or 5.7L engine, 2/4 Wheel Drive - Flow FX Stainless Steel Cat-back Exhaust System - Aggressive to moderate sound",Free Shipping,In Stock,"MSRP $1,124.95",$898.95,$226.00,ADD TO CART,,,,,,,,,,,,,
PART# 717805,FLOWMASTER,https://www.holley.com/products/off-road/exhaust/parts/717805,FLOWMASTER FLOW FX CAT-BACK EXHAUST SYSTEM,Fits all 2010-2024 Toyota 4Runner models with the 4.0L engine. - Aggressive to moderate sound,Free Shipping,In Stock,MSRP $618.95,$493.95,$125.00,ADD TO CART,,,,,,,,,,,,,
PART# 26040,EDGE,https://www.holley.com/products/off-road/parts/26040,EDGE EVOHT2,2001-2016 GM Diesel - 1997-2016 GM Gas - 50 State Legal,Free Shipping,In Stock,MSRP $506.95,$403.95,$103.00,ADD TO CART,,,,,,,,,,,,,
PART# 98203,EDGE,https://www.holley.com/products/off-road/parts/98203,EDGE CTS3 BACKUP CAMERA,Includes USB Adapter,Free Shipping,In Stock,MSRP $312.95,$250.15,$62.80,ADD TO CART,,,,,,,,,,,,,
PART# 718115,FLOWMASTER,https://www.holley.com/products/off-road/exhaust/parts/718115,FLOWMASTER FLOW FX CAT-BACK EXHAUST SYSTEM,"Fits 2021-2025 Ford F-150 2.7, 3.5, 5.0-Liter, Flow FX Cat-Back 3.00-inch Stainless Steel Exhaust System, Single Out Side Exit",Free Shipping,In Stock,MSRP $742.95,$592.95,$150.00,ADD TO CART,,,,,,,,,,,,,
PART# 12712,EDGE,https://www.holley.com/products/off-road/parts/12712,EZX MODULE,2022 Ford F250/F350/F450 Pickup - 6.7L Power Stroke Diesel,Free Shipping,In Stock,MSRP $821.95,$655.95,$166.00,ADD TO CART,,,,,,,,,,,,,
PART# 16040,EDGE,https://www.holley.com/products/off-road/parts/16040,EDGE EVOHT2,1999-2022 Ford Vehicles - Diesel/Gas,Free Shipping,In Stock,MSRP $506.95,$403.95,$103.00,ADD TO CART,,,,,,,,,,,,,
PART# 18601,EDGE,https://www.holley.com/products/off-road/parts/18601,A-PILLAR DISPLAY MOUNT,2017-2022 Ford F-250/F-350 Super Duty,,In Stock,MSRP $76.95,$61.25,$15.70,ADD TO CART,,,,,,,,,,,,,
PART# 80902,B&M,https://www.holley.com/products/off-road/shifters/parts/80902,B&M AUTOMATIC SHIFTER - PRO GATE,Fits GM 4-Speed Automatic Transmissions - Rear Cable Exit - Forward Shift Pattern,Free Shipping,In Stock,MSRP $337.95,$269.95,$68.00,ADD TO CART,,,,,,,,,,,,,
PART# 717931,FLOWMASTER,https://www.holley.com/products/off-road/exhaust/parts/717931,FLOWMASTER FLOW FX CAT-BACK EXHAUST SYSTEM,"Fits 2011-2019 GM Silverado/Sierra 2500/3500 HD 6.0L V8 Crew Cab/6.5' Bed, Flow FX 3.5"" Cat-Back, Single Side Exit, Stainless Steel Exhaust System",Free Shipping,In Stock,MSRP $956.95,$763.95,$193.00,ADD TO CART,,,,,,,,,,,,,
PART# 18603,EDGE,https://www.holley.com/products/off-road/parts/18603,A-PILLAR DISPLAY MOUNT,1999-2004 Ford F250/F350,,In Stock,MSRP $78.95,$63.05,$15.90,ADD TO CART,,,,,,,,,,,,,
PART# 14005,EDGE,https://www.holley.com/products/off-road/parts/14005,EDGE REVOLVER SWITCH CHIP BOX,1999.5-2001 Ford 7.3L Powerstroke Diesel - Auto 6-Chip - NVK4 Master Box Code,Free Shipping,In Stock,MSRP $332.95,$266.35,$66.60,ADD TO CART,,,,,,,,,,,,,
PART# 28604,EDGE,https://www.holley.com/products/off-road/parts/28604,A-PILLAR DISPLAY MOUNT 2024-2025 GM 2500/3500 AND 2022.5-2025 GM 1500 REFRESH,2024-2025 Chevrolet Silverado/GMC Sierra 2500/3500 and 2022.5-2025 GM 1500 Refresh,,In Stock,MSRP $67.95,$53.75,$14.20,ADD TO CART,,,,,,,,,,,,,
PART# 717990,FLOWMASTER,https://www.holley.com/products/off-road/exhaust/parts/717990,FLOWMASTER FLOW FX CAT-BACK EXHAUST SYSTEM,"Fits 1999-2006 GM 1500 (2007 1500 Classic) 4.3, 4.8, 5.3-Liter, Flow FX Cat-Back, Dual Same Side Out Exit, Stainless Steel Exhaust System",Free Shipping,In Stock,MSRP $731.95,$583.95,$148.00,ADD TO CART,,,,,,,,,,,,,
PART# 22453,RANGE TECHNOLOGY,https://www.holley.com/products/off-road/parts/22453,PULSAR LT,"Unlock full control of your GM truck with the Pulsar LT! Adjust throttle response, tire size, gear ratio, and disable AFM/DFM, no tuning or tools needed. Plug-and-play power, performance, and precision for your Silverado, Sierra, or SUV.",Free Shipping,In Stock,MSRP $618.95,$384.95,$234.00,ADD TO CART,,,,,,,,,,,,,
PART# 718103,FLOWMASTER,https://www.holley.com/products/off-road/exhaust/parts/718103,FLOWMASTER FLOW FX CAT-BACK EXHAUST SYSTEM,"Fits 2005-2019 Nissan Frontier 4.0-Liter Cat-Back, Dual Side Exit, Stainless Steel Exhaust System",Free Shipping,In Stock,,,,ADD TO CART,,,,,,,,,,,,,
PART# 717892,FLOWMASTER,https://www.holley.com/products/off-road/parts/717892,FLOWMASTER FLOW FX CAT-BACK EXHAUST SYSTEM,"1986-2001 Jeep Cherokee XJ 2.5L, 4.0L engine and 2 or 4WD. - Moderate sound",Free Shipping,In Stock,MSRP $562.95,$448.95,$114.00,ADD TO CART,,,,,,,,,,,,,
PART# 18600,EDGE,https://www.holley.com/products/off-road/parts/18600,A-PILLAR DISPLAY MOUNT,2011-2016 Ford F-250/F-350 Super Duty,,In Stock,MSRP $76.95,$61.25,$15.70,ADD TO CART,,,,,,,,,,,,,
PART# 717978,FLOWMASTER,https://www.holley.com/products/off-road/exhaust/parts/717978,FLOWMASTER FLOW FX EXTREME CAT-BACK EXHAUST SYSTEM,"Fits 2015-2020 Ford F-150 2.7L, 3.3L, 3.5L, 5.0L Flow FX Extreme Stainless Steel 3.0"" Cat-Back System",Free Shipping,In Stock,MSRP $551.95,$439.95,$112.00,ADD TO CART,,,,,,,,,,,,,
PART# 818177,FLOWMASTER,https://www.holley.com/products/off-road/exhaust/parts/818177,FLOWMASTER OUTLAW EXTREME CAT-BACK EXHAUST SYSTEM,"Fits 2024-2025 Toyota Tacoma 2.4-Liter, all wheelbases, Outlaw Extreme cat-back exhaust system, stainless steel – Aggressive Sound",Free Shipping,In Stock,MSRP $674.95,$538.95,$136.00,ADD TO CART,,,,,,,,,,,,,
PART# 717939,FLOWMASTER,https://www.holley.com/products/off-road/exhaust/parts/717939,FLOWMASTER FLOW FX CAT-BACK EXHAUST SYSTEM,Fits 1999 -2004 Grand Cherokee with 4.0L/4.7L engines,Free Shipping,In Stock,MSRP $383.95,$306.85,$77.10,ADD TO CART,,,,,,,,,,,,,
PART# 817628,FLOWMASTER,https://www.holley.com/products/off-road/exhaust/parts/817628,FLOWMASTER FORCE II CAT-BACK EXHAUST SYSTEM,"Fits 2011-2022* Jeep Grand Cherokee (*2022 Grand Cherokee WK Only) 3.6-Liter, Flow FX Cat-Back 2.5"" Stainless Steel Exhaust System, Single Out Rear Exit",Free Shipping,In Stock,"MSRP $1,181.95",$943.95,$238.00,ADD TO CART,,,,,,,,,,,,,
PART# 817960,FLOWMASTER,https://www.holley.com/products/off-road/exhaust/parts/817960,FLOWMASTER OUTLAW EXTREME CAT-BACK EXHAUST SYSTEM,"2005-2015 Toyota Tacoma 4.0L Outlaw Extreme Stainless Steel 3.0"" High Clearance Cat-Back Exhaust System",Free Shipping,In Stock,MSRP $551.95,$439.95,$112.00,ADD TO CART,,,,,,,,,,,,,
PART# 98106,EDGE,https://www.holley.com/products/off-road/parts/98106,OBD-II SPLITTER CABLE,OBD-II Splitter Cable,,In Stock,MSRP $69.95,$55.45,$14.50,ADD TO CART,,,,,,,,,,,,,
PART# 15001-1,EDGE,https://www.holley.com/products/off-road/parts/15001-1,EVOLUTION CS2 COMBO KIT,1999-2003 Ford F-250/F-350 - 7.3L Powerstroke Diesel - 50 State Legal,Free Shipping,In Stock,MSRP $761.95,$608.95,$153.00,ADD TO CART,,,,,,,,,,,,,
PART# 817568,FLOWMASTER,https://www.holley.com/products/off-road/exhaust/parts/817568,FLOWMASTER AMERICAN THUNDER DIRECT FIT MUFFLER,2009-2024* (*Classic body) RAM 1500 5.7L Hemi engine with Factory dual tailpipes. - Aggressive to moderate sound,Free Shipping,In Stock,MSRP $506.95,$337.95,$169.00,ADD TO CART,,,,,,,,,,,,,
PART# 300-10RTR-000,ADS,https://www.holley.com/products/off-road/ads_off-road_suspension/parts/300-10RTR-000,ADS   Direct Fit 3 in. 3-Tube Bypass Reservoir Shocks - Rear,Fits 2010-2014 Ford F-150 SVT Raptor - Vehicles With 0-3 in. Rear Lift,Free Shipping,In Stock,,,,ADD TO CART,,,,,,,,,,,,,
PART# 22452,RANGE TECHNOLOGY,https://www.holley.com/products/off-road/parts/22452,PULSAR LT,"Unlock full control of your GM truck with the Pulsar LT! Adjust throttle response, tire size, gear ratio, and disable AFM/DFM, no tuning or tools needed. Plug-and-play power, performance, and precision for your Silverado, Sierra, or SUV.",Free Shipping,In Stock,MSRP $640.95,$511.95,$129.00,ADD TO CART,,,,,,,,,,,,,
PART# 717983,FLOWMASTER,https://www.holley.com/products/off-road/exhaust/parts/717983,FLOWMASTER FLOW FX EXTREME CAT-BACK EXHAUST SYSTEM,"Fits 2007-2021 Toyota Tundra 4.7 and 5.7-liter, Flow FX Extreme 3.00-inch Stainless Steel Cat-Back Exhaust System",Free Shipping,In Stock,MSRP $449.95,$359.95,$90.00,ADD TO CART,,,,,,,,,,,,,
PART# 718143,FLOWMASTER,https://www.holley.com/products/off-road/exhaust/parts/718143,FLOWMASTER FLOW FX CAT-BACK EXHAUST SYSTEM,"Fits 2022-2025 Toyota Tundra 3.4-Liter, Cat-Back, Dual Same Side Exit, Stainless Steel Exhaust System",Free Shipping,In Stock,,,,ADD TO CART,,,,,,,,,,,,,
PART# 817933,FLOWMASTER,https://www.holley.com/products/off-road/exhaust/parts/817933,FLOWMASTER AMERICAN THUNDER CAT-BACK EXHAUST SYSTEM,"Fits 2020-2026 GM 2500HD/3500HD with 6.6L gas engine, Crew Cab/Short Bed, Dual Out Rear/Dual Out Side, Polished Tips - Aggressive to moderate sound",Free Shipping,In Stock,"MSRP $1,181.95",$943.95,$238.00,ADD TO CART,,,,,,,,,,,,,
PART# 717858,FLOWMASTER,https://www.holley.com/products/off-road/exhaust/parts/717858,FLOWMASTER FLOW FX CAT-BACK EXHAUST SYSTEM,"Fits 2019-2026 GM Silverado/Sierra 1500 5.3L, 2/4 WD, 148 & 157-inch Wheelbases - Moderate sound",Free Shipping,In Stock,MSRP $843.95,$673.95,$170.00,ADD TO CART,,,,,,,,,,,,,
PART# 22401,EDGE,https://www.holley.com/products/off-road/parts/22401,EDGE PULSAR MODULE - V3,2020-2023 Chevrolet Silverado/GMC Sierra 2500/3500 - L5P Duramax Diesel,Free Shipping,In Stock,"MSRP $1,237.95",$988.95,$249.00,ADD TO CART,,,,,,,,,,,,,
PART# 23451-3,EDGE,https://www.holley.com/products/off-road/parts/23451-3,PULSAR LT + INSIGHT CTS3 KIT,2019-2022 Chevrolet Silverado/GMC Sierra - 5.3L and 6.2L,Free Shipping,,"MSRP $1,237.95",$988.95,$249.00,,,,,,,,,,,,,,
PART# 817979,FLOWMASTER,https://www.holley.com/products/off-road/exhaust/parts/817979,FLOWMASTER AMERICAN THUNDER CAT-BACK EXHAUST SYSTEM,"Fits 2021-2025 Ford F-150 2.7L, 3.5L, 5.0L. American Thunder, Cat-Back, Dual Exit Stainless Steel Exhaust System",Free Shipping,In Stock,"MSRP $1,124.95",$898.95,$226.00,ADD TO CART,,,,,,,,,,,,,
PART# 718122,FLOWMASTER,https://www.holley.com/products/off-road/exhaust/parts/718122,FLOWMASTER FLOW FX CAT-BACK EXHAUST SYSTEM,"Fits 2021-2025 Ford Bronco 2.3L/2.7L, Flow FX Cat-Back, Dual Exit, 4 Door Models",Free Shipping,In Stock,MSRP $809.95,$467.95,$342.00,ADD TO CART,,,,,,,,,,,,,
PART# 45059,B&M,https://www.holley.com/products/off-road/shifters/parts/45059,B&M PRECISION MANUAL SPORTSHIFTER - JEEP XJ/MJ/YJ/TJ W/ AX15,Fits 1989-1999 Jeep Cherokee - 1989-1992 Jeep Comanche - 1988-1999 Jeep Wrangler,Free Shipping,In Stock,MSRP $488.95,$389.95,$99.00,ADD TO CART,,,,,,,,,,,,,
PART# 50232FLT,FLOWTECH EXHAUST,https://www.holley.com/products/off-road/exhaust/parts/50232FLT,FLOWTECH PURPLE HORNIES GLASSPACK,"3-Hole Jeep Header Mufflers, Sold as a Pair, 3"" Inlet, 3"" Outlet, Muffler Body Length 29"", Overall Length 32""",Free Shipping,In Stock,MSRP $193.95,$154.75,$39.20,ADD TO CART,,,,,,,,,,,,,
PART# CS45-395512-CP,CARROLL SHELBY WHEELS,https://www.holley.com/products/off-road/parts/CS45-395512-CP,CARROLL SHELBY WHEELS CS45 - 22 X 9.5 IN. - 12MM OFFSET - CHROME POWDER W/ BLACK,Fits 2005 & Up F150 Ford Trucks,,In Stock,MSRP $597.95,$476.95,$121.00,ADD TO CART,,,,,,,,,,,,,
PART# 717976,FLOWMASTER,https://www.holley.com/products/off-road/exhaust/parts/717976,FLOWMASTER FLOW FX EXTREME CAT-BACK EXHAUST SYSTEM,"Fits 2014-2019 Chevrolet/GMC Silverado/Sierra 1500 4.3L/5.3L, Flow FX Extreme 3.00-inch Stainless Steel Cat-Back Exhaust System",Free Shipping,,MSRP $416.95,$332.95,$84.00,,,,,,,,,,,,,,
PART# 42455,SUPERCHIPS,https://www.holley.com/products/off-road/parts/42455,PULSAR XT FOR 2020-2023 JEEP 3.0L ECODIESEL,Pulsar XT for 2020-2023 Jeep Wrangler and Gladiator 3.0L EcoDiesel,Free Shipping,In Stock,MSRP $731.95,$583.95,$148.00,ADD TO CART,,,,,,,,,,,,,
PART# 818139,FLOWMASTER,https://www.holley.com/products/off-road/exhaust/parts/818139,FLOWMASTER OUTLAW CAT-BACK EXHAUST SYSTEM,"Fits 2022-2025 Toyota Tundra, 3.4L, includes hybrid models, Cat-Back, Dual out Rear or Side Exit, Stainless Steel Exhaust System",Free Shipping,In Stock,"MSRP $1,687.95","$1,348.95",$339.00,ADD TO CART,,,,,,,,,,,,,
PART# 717980,FLOWMASTER,https://www.holley.com/products/off-road/exhaust/parts/717980,FLOWMASTER FLOW FX EXTREME CAT-BACK EXHAUST SYSTEM,"Fits 2009-2014 Ford F-150 3.5L, 4.6L, 5.0L, 5.4L Flow FX Extreme Stainless Steel 3.0"" Cat-Back Exhaust System",Free Shipping,In Stock,MSRP $551.95,$439.95,$112.00,ADD TO CART,,,,,,,,,,,,,
PART# 817757,FLOWMASTER,https://www.holley.com/products/off-road/exhaust/parts/817757,FLOWMASTER FORCE II CAT-BACK EXHAUST SYSTEM,"Fits 2017-2026 Ford F-250/F-350 Super Duty with 6.2L, 6.8L and 7.3L engines. - Moderate sound",Free Shipping,,"MSRP $1,293.95","$1,033.95",$260.00,,,,,,,,,,,,,,
PART# 31403,EDGE,https://www.holley.com/products/off-road/parts/31403,EDGE JUICE W/ ATTITUDE - CS2,2004.5-2005 Dodge Ram 2500/3500 - 5.9L Cummins Diesel - 50 State Legal,Free Shipping,In Stock,"MSRP $1,181.95",$943.95,$238.00,ADD TO CART,,,,,,,,,,,,,
PART# 817803,FLOWMASTER,https://www.holley.com/products/off-road/exhaust/parts/817803,FLOWMASTER OUTLAW AXLE-BACK EXHAUST SYSTEM,Fits 2018-2026 Jeep Wrangler JL with the 2.0L or 3.6L engine. Fits both 2 door and 4 door models. - Aggressive to moderate sound,Free Shipping,In Stock,MSRP $818.95,$654.95,$164.00,ADD TO CART,,,,,,,,,,,,,
PART# 100ADS-10101,ADS,https://www.holley.com/products/off-road/ads_off-road_suspension/parts/100ADS-10101,"ADS MESA 2.5"" SHOCKS - REAR",2018-2025 Jeep Wrangler (Rear) (Note: Fits Vehicles With 2-3 (in) Rear Lift),Free Shipping,In Stock,,,,ADD TO CART,,,,,,,,,,,,,
PART# 81052,B&M,https://www.holley.com/products/off-road/shifters/parts/81052,B&M AUTOMATIC GATED SHIFTER - MAGNUM GRIP STEALTH PRO STICK,Universal 2/3/4-speed Compatible Shifter,Free Shipping,In Stock,MSRP $506.95,$403.95,$103.00,ADD TO CART,,,,,,,,,,,,,
PART# 717893,FLOWMASTER,https://www.holley.com/products/off-road/exhaust/parts/717893,FLOWMASTER FLOW FX CAT-BACK EXHAUST SYSTEM,Fits 2019-2026 Chevrolet Silverado 1500/GMC Sierra 1500 Crew Cab and Double Cab models with 5.3L engine. - Aggressive to moderate sound,Free Shipping,In Stock,"MSRP $1,068.95",$853.95,$215.00,ADD TO CART,,,,,,,,,,,,,
PART# 818168,FLOWMASTER,https://www.holley.com/products/off-road/exhaust/parts/818168,FLOWMASTER OUTLAW CAT-BACK EXHAUST SYSTEM,"Fits 2021-2025 Ford F150 2.7, 3.5 and 5.0-liter, PowerBoost and non-hybrid with Factory Dual Tailpipes, Outlaw Cat-Back 3.0-inch Stainless Steel Exhaust System, 4.50-inch Black Tips",Free Shipping,In Stock,"MSRP $1,518.95",$877.95,$641.00,ADD TO CART,,,,,,,,,,,,,
PART# 38600,EDGE,https://www.holley.com/products/off-road/parts/38600,A-PILLAR DISPLAY MOUNT,2006-2009 Dodge Ram,,In Stock,MSRP $76.95,$61.25,$15.70,ADD TO CART,,,,,,,,,,,,,
PART# 28603,EDGE,https://www.holley.com/products/off-road/parts/28603,CTS3 PILLAR DISPLAY MOUNT 2007.5-2014 GM 2500/3500,CTS3 Pillar Display Mount for 2007.5-2014 GM 2500/3500,Free Shipping,In Stock,MSRP $80.95,$64.55,$16.40,ADD TO CART,,,,,,,,,,,,,
PART# 717987,FLOWMASTER,https://www.holley.com/products/off-road/exhaust/parts/717987,FLOWMASTER FLOW FX CAT-BACK EXHAUST SYSTEM,"Fits 2011-2019 GM 2500HD/3500HD 6.0-Liter, Cat-Back, Dual Side Exit, Flow FX Stainless Steel Exhaust System",Free Shipping,In Stock,,,,ADD TO CART,,,,,,,,,,,,,
PART# 45195,B&M,https://www.holley.com/products/off-road/shifters/parts/45195,B&M PRECISION MANUAL SPORTSHIFTER - JEEP TJ/JK W/ NSG370,Fits 2005-2018 Jeep Wrangler,Free Shipping,,MSRP $843.95,$673.95,$170.00,,,,,,,,,,,,,,
PART# 717890,FLOWMASTER,https://www.holley.com/products/off-road/exhaust/parts/717890,FLOWMASTER FLOW FX CAT-BACK EXHAUST SYSTEM,"Fits 2019-2023 GM Silverado/Sierra 1500 6.2L V8 Flow FX 3.5"" to Dual 2.5"" Cat-Back, Dual Rear Exit, Stainless Steel Exhaust System",Free Shipping,In Stock,MSRP $899.95,$718.95,$181.00,ADD TO CART,,,,,,,,,,,,,
PART# 717993,FLOWMASTER,https://www.holley.com/products/off-road/exhaust/parts/717993,FLOWMASTER FLOW FX CAT-BACK EXHAUST SYSTEM,"Fits 2009-2024 Dodge RAM 1500 (19-24 1500 Classic) 4.7/5.7-Liter, Flow FX Cat-Back, Dual Same Side Out Exit, Stainless Steel Exhaust System",Free Shipping,In Stock,MSRP $731.95,$583.95,$148.00,ADD TO CART,,,,,,,,,,,,,
PART# 32455,EDGE,https://www.holley.com/products/off-road/parts/32455,PULSAR XT FOR 2020-2023 RAM 3.0L ECODIESEL,2020-2023 Ram 1500 3.0L EcoDiesel,Free Shipping,In Stock,MSRP $731.95,$583.95,$148.00,ADD TO CART,,,,,,,,,,,,,
PART# 818167,FLOWMASTER,https://www.holley.com/products/off-road/exhaust/parts/818167,FLOWMASTER AMERICAN THUNDER CAT-BACK EXHAUST SYSTEM,"Fits 2023-2026 GM Colorado / Canyon 2.7-Liter, Cat-Back, Dual Out Same Side Exit, Stainless Steel Exhaust System",Free Shipping,In Stock,"MSRP $1,349.95","$1,078.95",$271.00,ADD TO CART,,,,,,,,,,,,,
PART# CS45-295512-BS,CARROLL SHELBY WHEELS,https://www.holley.com/products/off-road/parts/CS45-295512-BS,CARROLL SHELBY WHEELS CS45 - 20 X 9 IN. - 12MM OFFSET - BLACK W/CHROME,Fits 2005 & Up F150 Ford Trucks,,In Stock,MSRP $519.95,$414.95,$105.00,ADD TO CART,,,,,,,,,,,,,
PART# 33551-3,EDGE,https://www.holley.com/products/off-road/parts/33551-3,PULSAR KIT W/ EDGE INSIGHT CTS3,2019-2021 Ram Trucks - 5.7L Hemi,Free Shipping,In Stock,"MSRP $1,406.95","$1,123.95",$283.00,ADD TO CART,,,,,,,,,,,,,
PART# CS45-295512-CP,CARROLL SHELBY WHEELS,https://www.holley.com/products/off-road/parts/CS45-295512-CP,CARROLL SHELBY WHEELS CS45 - 20 X 9 IN. - 12MM OFFSET - CHROME POWDER W/ BLACK,Fits 2005 & Up F150 Ford Trucks,,In Stock,MSRP $544.95,$434.95,$110.00,ADD TO CART,,,,,,,,,,,,,
PART# 717433,FLOWMASTER,https://www.holley.com/products/off-road/exhaust/parts/717433,FLOWMASTER FLOW FX CAT-BACK EXHAUST SYSTEM,"Fits 2007-2014 Toyota FJ Cruiser with 4.0L, 2.5-inch Cat-Back, Stainless Steel",Free Shipping,,MSRP $618.95,$493.95,$125.00,,,,,,,,,,,,,,
PART# 717834,FLOWMASTER,https://www.holley.com/products/off-road/exhaust/parts/717834,FLOWMASTER FLOW FX CAT-BACK EXHAUST SYSTEM,Fits 2015-2022 Chevy Colorado & GMC Canyon with 3.6L engine. - Moderate to mild sound,Free Shipping,In Stock,MSRP $899.95,$718.95,$181.00,ADD TO CART,,,,,,,,,,,,,
PART# 717989,FLOWMASTER,https://www.holley.com/products/off-road/exhaust/parts/717989,FLOWMASTER FLOWFX CAT-BACK EXHAUST SYSTEM,"Fits 2023-2026 GM Colorado / Canyon 2.7-Liter, Cat-Back, Single Out Side Exit, Stainless Steel Exhaust System",Free Shipping,In Stock,"MSRP $1,012.95",$808.95,$204.00,ADD TO CART,,,,,,,,,,,,,
PART# 718142,FLOWMASTER,https://www.holley.com/products/off-road/exhaust/parts/718142,FLOWMASTER FLOW FX CAT-BACK EXHAUST SYSTEM,"Fits 2022-2025 Toyota Tundra 3.4-Liter Turbo, Cat-Back, Dual Side Exit, Stainless Steel Exhaust System",,In Stock,"MSRP $1,181.95",$943.95,$238.00,ADD TO CART,,,,,,,,,,,,,
PART# 717947,FLOWMASTER,https://www.holley.com/products/off-road/exhaust/parts/717947,FLOWMASTER FLOW FX CAT-BACK EXHAUST SYSTEM,"Fits 1994-2001 Dodge Ram 1500 Trucks with 3.9L, 5.2L, and 5.9L Engines. 1994-2002 2500/3500 with 5.9L Engine",Free Shipping,In Stock,MSRP $618.95,$493.95,$125.00,ADD TO CART,,,,,,,,,,,,,
PART# 717876,FLOWMASTER,https://www.holley.com/products/off-road/parts/717876,FLOWMASTER FLOW FX CAT-BACK EXHAUST SYSTEM,"Fits 2005-2015 Toyota Tacoma 4.0L engine, Flow FX stainless steel, dual exit, cat-back exhaust system, 2/4 WD and all Wheelbases. - Moderate sound",Free Shipping,In Stock,MSRP $843.95,$673.95,$170.00,ADD TO CART,,,,,,,,,,,,,
PART# 98105,EDGE,https://www.holley.com/products/off-road/parts/98105,PULSAR OBDII TO USB UPDATE CABLE,OBDII port to USB Update Cable (Pulsar),,In Stock,MSRP $72.95,$57.85,$15.10,ADD TO CART,,,,,,,,,,,,,
PART# 817965,FLOWMASTER,https://www.holley.com/products/off-road/exhaust/parts/817965,FLOWMASTER OUTLAW EXTREME CAT-BACK EXHAUST SYSTEM,"Fits 2019*-2026 (*2019 New Body) GM Silverado/Sierra 1500 5.3L, Outlaw Extreme High Clearance 3.0"" Cat-Back Stainless Steel Exhaust System",Free Shipping,In Stock,MSRP $435.95,$348.25,$87.70,ADD TO CART,,,,,,,,,,,,,
PART# 13712-3,EDGE,https://www.holley.com/products/off-road/parts/13712-3,EZX + INSIGHT CTS3 KIT,2022 Ford F250/F350/F450 - 6.7L Power Stroke Diesel,Free Shipping,In Stock,"MSRP $1,462.95","$1,168.95",$294.00,ADD TO CART,,,,,,,,,,,,,
PART# 717969,FLOWMASTER,https://www.holley.com/products/off-road/exhaust/parts/717969,FLOWMASTER FLOW FX EXTREME CAT-BACK EXHAUST SYSTEM,"2020-2025 Jeep Gladiator JT 3.6L Flow FX Extreme Stainless Steel 3.0"" Cat-Back System",Free Shipping,In Stock,MSRP $465.95,$371.95,$94.00,ADD TO CART,,,,,,,,,,,,,
PART# 80901,B&M,https://www.holley.com/products/off-road/shifters/parts/80901,B&M AUTOMATIC SHIFTER - PRO GATE - REVERSE LOCKOUT,Fits 3-Speed GM Automatic Transmissions - Rear Cable Exit - Forward Shift Pattern,Free Shipping,In Stock,MSRP $466.95,$269.95,$197.00,ADD TO CART,,,,,,,,,,,,,
PART# 718149,FLOWMASTER,https://www.holley.com/products/off-road/exhaust/parts/718149,FLOWMASTER FLOW FX CAT-BACK EXHAUST SYSTEM,"Fits 2022-2026 Nissan Frontier 3.8-Liter, Cat-Back, Dual Same Side Exit, Stainless Steel Exhaust System",Free Shipping,In Stock,,,,ADD TO CART,,,,,,,,,,,,,
PART# 38406,EDGE,https://www.holley.com/products/off-road/parts/38406,EDGE PILLAR POD,2003-2008 Dodge Ram 2500/3500 - 5.9L and 6.7L Cummins Diesel,Free Shipping,,MSRP $168.95,$134.95,$34.00,,,,,,,,,,,,,,
PART# 717970,FLOWMASTER,https://www.holley.com/products/off-road/exhaust/parts/717970,FLOWMASTER FLOW FX EXTREME CAT-BACK EXHAUST SYSTEM,"2016-2023 Toyota Tacoma 3.5L Flow FX Extreme, Stainless Steel, 3.0"" High Clearance Cat-Back Exhaust System",Free Shipping,In Stock,MSRP $462.95,$368.95,$94.00,ADD TO CART,,,,,,,,,,,,,
PART# 33711-3,EDGE,https://www.holley.com/products/off-road/parts/33711-3,EZX + INSIGHT CTS3 KIT,2013-2018 Ram 2500/3500 Cummins,Free Shipping,,"MSRP $1,462.95","$1,168.95",$294.00,,,,,,,,,,,,,,
PART# 717918,FLOWMASTER,https://www.holley.com/products/off-road/parts/717918,FLOWMASTER FLOW FX CAT-BACK EXHAUST SYSTEM,"Fits 2016-2023 Tacoma 3.5L, Flow FX, stainless steel, dual exit exhaust system, 2/4 Wheel Drive, All Wheelbases. - Aggressive to moderate sound",Free Shipping,In Stock,,,,ADD TO CART,,,,,,,,,,,,,
PART# 32711,EDGE,https://www.holley.com/products/off-road/parts/32711,EZX MODULE,2013-2018 Ram 2500/3500 Cummins,Free Shipping,In Stock,MSRP $821.95,$655.95,$166.00,ADD TO CART,,,,,,,,,,,,,
PART# 717971,FLOWMASTER,https://www.holley.com/products/off-road/exhaust/parts/717971,FLOWMASTER FLOW FX EXTREME CAT-BACK EXHAUST SYSTEM,"2005-2015 Toyota Tacoma 4.0L Flow FX Extreme Stainless Steel 3.0"" Cat-Back Exhaust System",Free Shipping,In Stock,MSRP $473.95,$377.95,$96.00,ADD TO CART,,,,,,,,,,,,,
PART# 885M-7903212,REV WHEELS,https://www.holley.com/products/off-road/parts/885M-7903212,REV WHEELS OFF ROAD 885 SERIES - 17X9 - 4.53 BS - 5X5 / 5X5.5,"Fits 1994-2010 Dodge Ram 1500, Dodge W100/W150, Dakota, 1966-1996 Ford Bronco, Ford F-100, 1975-1996 Ford F-150, GM A, B, C, D, E, F, G, K, S, T, X-Bodies, 2007-2021 Jeep Wrangler, 2020+ Jeep Gladiator, 1999-2021 Jeep Grand Cherokee",Free Shipping,In Stock,MSRP $218.95,$174.55,$44.40,ADD TO CART,,,,,,,,,,,,,
PART# 14101-3,EDGE,https://www.holley.com/products/off-road/parts/14101-3,EDGE REVOLVER KIT W/ INSIGHT CTS3,1994.5-1997 Ford Powerstroke 7.3L - Automatic - TDE1,Free Shipping,In Stock,MSRP $933.95,$745.95,$188.00,ADD TO CART,,,,,,,,,,,,,
PART# 717995,FLOWMASTER,https://www.holley.com/products/off-road/exhaust/parts/717995,FLOWMASTER FLOW FX CAT-BACK EXHAUST SYSTEM,"Fits 2006-2008 Dodge Ram 1500 5.7-Liter Cat-Back, Dual Side Exit, Stainless Steel Exhaust System",Free Shipping,In Stock,MSRP $899.95,$519.95,$380.00,ADD TO CART,,,,,,,,,,,,,
PART# 19-510,HOLLEY SNIPER EFI,https://www.holley.com/products/off-road/fuel_systems/parts/19-510,HOLLEY SNIPER EFI - STOCK REPLACEMENT FUEL TANK - CJ JEEP - JP1C,1978-1986 Jeep - CJ - 15 Gallon,Free Shipping,In Stock,MSRP $186.95,$149.35,$37.60,ADD TO CART,,,,,,,,,,,,,
PART# 817949,FLOWMASTER,https://www.holley.com/products/off-road/exhaust/parts/817949,FLOWMASTER FORCE II CAT-BACK EXHAUST SYSTEM,"Fits 2021-2026 GM Tahoe/Yukon 5.3-liter, Force II Cat-Back 3.0-inch Stainless Steel Exhaust System, 3.5-inch Polished Tip, Single Out Rear Exit",Free Shipping,In Stock,MSRP $843.95,$673.95,$170.00,ADD TO CART,,,,,,,,,,,,,
