Title,Title_URL,Image,Tag,opinewstarspluginlink_URL,Price,Price1,Price2,loaderbutton_text
"KEMIMOTO Silver Midnight S40 16"" Aluminum RGB Bluetooth Soundbar",https://www.kemimoto.com/products/kemimoto-silver-midnight-s40-16-aluminum-rgb-bluetooth-soundbar?variant=44742625853631,https://cdn.shopify.com/s/files/1/2234/5357/files/81_bdHRzCUL._AC_SL1500_360x504.jpg?v=1751990246,,,$129.99,Sale price,$259.99,ADD TO CART
"KEMIMOTO Midnight SL60 26"" RGB UTV Sound Bar For Can-Am Golf Cart Marine 1""-2"" Roll Bar",https://www.kemimoto.com/products/kemimoto-midnight-s60-26-rgb-utv-sound-bar-for-can-am-golf-cart-marine-1-2-roll-bar?variant=44740879745215,https://cdn.shopify.com/s/files/1/2234/5357/files/1_858fd9eb-306b-4603-9578-4a7d9d5c885f_360x504.jpg?v=1751990249,,,$349.99,Sale price,$379.99,ADD TO CART
Men’s Heated Wool Socks APP Control Toe Warmers With 5000mAh Battery,https://www.kemimoto.com/products/heated-socks-for-men-women-with-5000mah-battery?variant=44496537485503,https://cdn.shopify.com/s/files/1/2234/5357/files/B1-2_623cfee6-8fb8-4a46-8867-dfd88f4e7381_360x504.jpg?v=1756296470,"
        30%
      
        OFF
      
      ",,$69.99,Sale price,$99.99,VIEW PRODUCT
Heated Vest For Men Winter V-Neck Quilted Puffer Jacket (Batteries Not Included),https://www.kemimoto.com/products/v-neck-heated-vest-for-men?variant=44496520642751,https://cdn.shopify.com/s/files/1/2234/5357/files/F1117-08125-BKL-Leverson-B1-01_360x504.jpg?v=1756295782,"
        54%
      
        OFF
      
      ",,$59.99,Sale price,$129.99,VIEW PRODUCT
Men’s Heated Vest With Battery Pack Lightweight Quilted Winter Jacket,https://www.kemimoto.com/products/heated-vest-with-battery-pack-for-men?variant=44496514908351,https://cdn.shopify.com/s/files/1/2234/5357/files/F1117-08126-BK-Leverson-B1-01_360x504.jpg?v=1756295198,"
        38%
      
        OFF
      
      ",,$99.99,Sale price,$159.99,VIEW PRODUCT
Heated Motorcycle Gloves Sheepskin 7.4V Battery Waterproof Touchscreen,https://www.kemimoto.com/products/waterproof-heated-motorcycle-gloves-with-battery?variant=44496484270271,https://cdn.shopify.com/s/files/1/2234/5357/files/F1109-08036_56f602df-46f5-45ad-bcf7-e7456f373c37_360x504.jpg?v=1756460426,"
        17%
      
        OFF
      
      ",,$189.99,Sale price,$229.99,VIEW PRODUCT
Men’s Heated Motorcycle Pants With 10000mAh Battery And Armor,https://www.kemimoto.com/products/heated-pants?variant=44496366207167,https://cdn.shopify.com/s/files/1/2234/5357/files/B1-1_5dbbc394-39f3-4b9a-87ed-01eb8ac6739d_360x504.jpg?v=1756292442,,,$170.99,,,VIEW PRODUCT
Men’s Heated Gloves 7.4V Battery Touchscreen Waterproof Winter (2PCS),https://www.kemimoto.com/products/men-s-heated-gloves-7-4v-battery-touchscreen-waterproof-winter-2pcs?variant=44496082272447,https://cdn.shopify.com/s/files/1/2234/5357/files/20240925-Alphonse-Felipe-F1109-08008-B1_1_4d10bdac-e354-4392-a750-9c56ab2d6687_360x504.jpg?v=1756284906,,,$89.99,,,VIEW PRODUCT
2L Waterproof Motorcycle Handlebar Bag For Sur-Ron|Talaria,https://www.kemimoto.com/products/2l-waterproof-motorcycle-handlebar-bag-for-sur-ron-talaria?variant=44495882322111,https://cdn.shopify.com/s/files/1/2234/5357/files/F0319-01023-BK-GR-Leverson-A1-01_360x504.jpg?v=1756277479,"
        20%
      
        OFF
      
      ",,$39.99,Sale price,$49.99,ADD TO CART
Universal Golf Cart Cover For 2-4 Seats With Storage Bag,https://www.kemimoto.com/products/universal-golf-cart-cover-with-storage-bag?variant=44482655289535,,"
        38%
      
        OFF
      
      ",,$49.99,Sale price,$79.99,VIEW PRODUCT
Motorcycle Bluetooth Speakers Waterproof ATV Sound Bar With AUX USB And RGB Lighting,https://www.kemimoto.com/products/motorcycle-bluetooth-speakers-waterproof-atv-sound-bar-with-aux-usb-and-rgb-lighting?variant=44481319764159,,"
        46%
      
        OFF
      
      ",,$69.99,Sale price,$129.99,ADD TO CART
"Magnetic PU Leather Motorcycle Tank Phone Bag, 6.9 Inch",https://www.kemimoto.com/products/magnetic-pu-leather-motorcycle-tank-phone-bag-6-9-inch?variant=44481306362047,,"
        40%
      
        OFF
      
      ",,$35.99,Sale price,$59.99,ADD TO CART
"40L Waterproof Motorcycle Helmet Backpack, Hard Shell, USB Port",https://www.kemimoto.com/products/40l-waterproof-motorcycle-helmet-backpack?variant=44463170945215,,"
        40%
      
        OFF
      
      ",,$59.99,Sale price,$99.99,ADD TO CART
Heated Seat Cushion 3 Mode Adjustable Fast Heating Foldable Chair Pad For Indoor And Outdoor Use,https://www.kemimoto.com/products/heated-seat-cushion-3-mode-adjustable-fast-heating-foldable-chair-pad-for-indoor-and-outdoor-use?variant=44460721733823,,,,$99.99,Sale price,$109.99,ADD TO CART
"Fuel Transfer Pump With 35''/ 51'' Long Hose, Portable Transfer Pump Automatic",https://www.kemimoto.com/products/fuel-transfer-pump-with-35-51-long-hose-portable-transfer-pump-automatic?variant=44460445171903,,"
        $9.00
      
        OFF
      
      ",,from $56.99,Sale price,$65.99,VIEW PRODUCT
"41"" Hose Fuel Transfer Pump With Automatic Shut-Off Sensor",https://www.kemimoto.com/products/41-hose-fuel-transfer-pump-with-automatic-shut-off-sensor?variant=44460432228543,,"
        $12.00
      
        OFF
      
      ",,$79.99,Sale price,$91.99,ADD TO CART
"Men’s Heated Vest With Battery Pack – V-Neck, Hidden Pocket Design For Hunting & Winter Sports",https://www.kemimoto.com/products/men-heated-vest-with-battery-pack-for-winter?variant=44460329795775,,"
        24%
      
        OFF
      
      ",,$86.99,Sale price,$114.10,VIEW PRODUCT
Men’s Heated Vest – Electric Warming Vest For Hunting & Winter Sports (No Battery),https://www.kemimoto.com/products/electric-heated-vest-for-hunting-winter-sports?variant=44460098093247,,"
        $4.00
      
        OFF
      
      ",,$65.99,Sale price,$69.99,VIEW PRODUCT
Portable Lightweight Folding Camping Chair,https://www.kemimoto.com/products/portable-lightweight-folding-camping-chair?variant=44447073239231,,"
        $10.00
      
        OFF
      
      ",,$99.99,Sale price,$109.99,ADD TO CART
UTV Cab Enclosure Upper Doors For 2022-2025 Polaris RZR 200,https://www.kemimoto.com/products/utv-cab-enclosure-upper-doors-for-2022-2025-polaris-rzr-200?variant=44430081917119,,"
        $22.00
      
        OFF
      
      ",,$145.99,Sale price,$167.99,ADD TO CART
"Forklift Cover For Rain With Rear Window, Waterproof Cab Enclosure Clear Fork Truck,Fit Forklift Up To 6000lb / 8000 Lb",https://www.kemimoto.com/products/forklift-cover-for-rain-with-rear-window-waterproof-cab-enclosure-clear-fork-truck?variant=44703372902591,,"
        $19.00
      
        OFF
      
      ",,$129.99,Sale price,$148.99,VIEW PRODUCT
"UTV Glass Windshield Front Windshield For Polaris General 1000, XP 1000, 4 1000",https://www.kemimoto.com/products/utv-glass-windshield-front-windshield-for-polaris-general-1000-xp-1000-4-1000?variant=44430074282175,,,,$599.99,,,ADD TO CART
UTV Soft Upper Doors Compatible With Polaris General 1000 / XP 1000,https://www.kemimoto.com/products/utv-soft-upper-doors-compatible-with-polaris-general-1000-xp-1000?variant=44430073364671,,,,$229.99,,,ADD TO CART
"UTV Rock Sliders Nerf Bar For Polaris General 1000/ General XP 1000, 2016-2025",https://www.kemimoto.com/products/utv-rock-sliders-nerf-bar-for-polaris-general-1000-general-xp-1000-2016-2025?variant=44430006124735,,"
        $30.00
      
        OFF
      
      ",,$199.99,Sale price,$229.99,ADD TO CART
UTV Turn Signal Kit For 2018+ Ranger XP 1000/Crew/2014-2023 RZR XP 1000,https://www.kemimoto.com/products/utv-turn-signal-kit-for-2018-ranger-xp-1000-crew-2014-2023-rzr-xp-1000?variant=44429981122751,,"
        31%
      
        OFF
      
      ",,$189.99,Sale price,$275.99,ADD TO CART
"Magnetic Fan For Golf Cart, Forklift, Tractor, UTV",https://www.kemimoto.com/products/magnetic-fan-for-golf-cart-forklift-tractor-utv?variant=44429969096895,,"
        $8.00
      
        OFF
      
      ",,$49.99,Sale price,$57.99,ADD TO CART
"UTV 2-IN-1 Front Vented Windshield Compatible With Polaris General 1000, XP 1000, 4 1000",https://www.kemimoto.com/products/utv-2-in-1-front-vented-windshield-compatible-with-polaris-general-1000-xp-1000-4-1000?variant=44429953794239,,"
        23%
      
        OFF
      
      ",,$219.99,Sale price,$284.99,ADD TO CART
"3-IN-1 Front Flip Windshield For Polaris General 1000, XP 1000, 4 1000 2016-2025",https://www.kemimoto.com/products/3-in-1-front-flip-windshield-for-polaris-general-1000-xp-1000-4-1000-2016-2025?variant=44429951107263,,"
        $60.00
      
        OFF
      
      ",,$399.99,Sale price,$459.99,ADD TO CART
UTV Sliding Vented Tinted Rear Windshield For 2024+ Polaris RZR XP 1000 / RZR XP4 1000,https://www.kemimoto.com/products/utv-sliding-vented-tinted-rear-windshield-for-2024-polaris-rzr-xp-1000-rzr-xp4-1000?variant=44429932527807,,"
        24%
      
        OFF
      
      ",,$119.99,Sale price,$156.99,ADD TO CART
UTV Sliding Vented Clear Rear Windshield For 2024+ Polaris RZR XP 1000 / RZR XP4 1000,https://www.kemimoto.com/products/utv-sliding-vented-clear-rear-windshield-for-2024-polaris-rzr-xp-1000-rzr-xp4-1000?variant=44429916635327,,,,$135.99,,,ADD TO CART
