Title_URL,brand,Name_URL,Name,Description,product_in_stock,Discount,Price,Price1,Price2,primarybtn
PART# 110D,SIMPSON RACING,https://www.simpsonraceproducts.com/products/seats/seat_mounts/parts/110D,POLARIS RAZOR 170 DRIVER SIDE SEAT MOUNT,Fits Polaris RZR 170 - Driver Side,In Stock,Advertised Price $54.35,$54.35,$29.89,$24.46,ADD TO CART
PART# TSRZRPLUG,SIMPSON RACING,https://www.simpsonraceproducts.com/products/seats/parts/TSRZRPLUG,OVERRIDE PLUG FOR RZR/CAN-AM,Override Plug - Fits Can Am and Polaris,In Stock,Advertised Price $12.93,$12.93,$7.11,$5.82,ADD TO CART
PART# S107-305,SIMPSON RACING,https://www.simpsonraceproducts.com/products/seats/pro_sport_utv_seat/parts/S107-305,SIMPSON RACING PRO SPORT OFF-ROAD SUSPENSION SEAT,Black/Charcoal/Gray,In Stock,Advertised Price $719.95,$719.95,$646.95,$73.00,ADD TO CART
PART# S107-304,SIMPSON RACING,https://www.simpsonraceproducts.com/products/seats/pro_sport_utv_seat/parts/S107-304,SIMPSON RACING PRO SPORT OFF-ROAD SUSPENSION SEAT,Black / Black,In Stock,Advertised Price $719.95,$719.95,$646.95,$73.00,ADD TO CART
PART# S107-306,SIMPSON RACING,https://www.simpsonraceproducts.com/products/seats/pro_sport_utv_seat/parts/S107-306,SIMPSON RACING PRO SPORT OFF-ROAD SUSPENSION SEAT,Black / Red/ Gray,In Stock,Advertised Price $719.95,$719.95,$646.95,$73.00,ADD TO CART
PART# S104-304,SIMPSON RACING,https://www.simpsonraceproducts.com/products/seats/build_your_own_seat/parts/S104-304,SIMPSON RACING VORTEX II OFF-ROAD SUSPENSION SEAT,Black / Black,In Stock,Advertised Price $599.95,$599.95,$538.95,$61.00,ADD TO CART
PART# S104-304-2,SIMPSON RACING,https://www.simpsonraceproducts.com/products/seats/vortex_ii_off-road_suspension_seats/parts/S104-304-2,SIMPSON RACING VORTEX II OFF-ROAD SUSPENSION SEATS BLACK/BLACK PAIR,Sold/shipped as a pair,In Stock,"Advertised Price $1,199.95","$1,199.95","$1,078.95",$121.00,ADD TO CART
PART# S104-305,SIMPSON RACING,https://www.simpsonraceproducts.com/products/seats/vortex_ii_off-road_suspension_seats/parts/S104-305,SIMPSON RACING VORTEX II OFF-ROAD SUSPENSION SEAT,Black / Charcoal,In Stock,Advertised Price $599.95,$599.95,$538.95,$61.00,ADD TO CART
PART# S107-307,SIMPSON RACING,https://www.simpsonraceproducts.com/products/seats/pro_sport_utv_seat/parts/S107-307,SIMPSON RACING PRO SPORT OFF-ROAD SUSPENSION SEAT,Blue/Black/Grey,In Stock,Advertised Price $719.95,$719.95,$646.95,$73.00,ADD TO CART
PART# 303L,SIMPSON RACING,https://www.simpsonraceproducts.com/products/seats/seat_mounts/parts/303L,CAN AM X3 1 INCH LOWERING FRONT OR REAR SEAT MOUNT,Fits Can Am X3,In Stock,Advertised Price $61.95,$61.95,$40.27,$21.68,ADD TO CART
PART# S104-305-2,SIMPSON RACING,https://www.simpsonraceproducts.com/products/seats/vortex_ii_off-road_suspension_seats/parts/S104-305-2,SIMPSON RACING VORTEX II OFF-ROAD SUSPENSION SEATS BLACK/CHARCOAL PAIR,Sold/shipped as a pair,In Stock,"Advertised Price $1,199.95","$1,199.95","$1,078.95",$121.00,ADD TO CART
PART# SP303-510-304,SIMPSON RACING,https://www.simpsonraceproducts.com/products/seats/pro_sport_bench_x3_and_xp/parts/SP303-510-304,STD PRO SPORT BENCH X3 - BLACK/BLACK SIMPSON RACING PRO SPORT REAR BENCH,Can Am X3 - Black/Black,In Stock,,,,,ADD TO CART
PART# HEATER,SIMPSON RACING,https://www.simpsonraceproducts.com/products/seats/parts/HEATER,SIMPSON RACING UTB / OFF-ROAD SEAT OPTIONS,seat heater,,,,,,
PART# S108-306,SIMPSON RACING,https://www.simpsonraceproducts.com/products/seats/club_series/parts/S108-306,SIMPSON RACING CLUB SERIES SEAT,"17"" Xtra Large - Black Cloth - FIA 8855-1999",In Stock,Advertised Price $699.95,$699.95,$628.95,$71.00,ADD TO CART
PART# S104-307-2,SIMPSON RACING,https://www.simpsonraceproducts.com/products/seats/vortex_ii_off-road_suspension_seats/parts/S104-307-2,SIMPSON RACING VORTEX II OFF-ROAD SUSPENSION SEATS BLACK/BLACK PAIR,Sold/shipped as a pair,,,,,,
PART# 114,SIMPSON RACING,https://www.simpsonraceproducts.com/products/seats/seat_mounts/parts/114,SIMPSON UTV SEAT MOUNTS,Fits Polaris Pro XP (Front),In Stock,Advertised Price $70.19,$70.19,$63.15,$7.04,ADD TO CART
PART# S104-306-2,SIMPSON RACING,https://www.simpsonraceproducts.com/products/seats/vortex_ii_off-road_suspension_seats/parts/S104-306-2,SIMPSON RACING VORTEX II OFF-ROAD SUSPENSION SEATS BLACK/RED PAIR,Sold/shipped as a pair,In Stock,,,,,ADD TO CART
PART# SP303-510-305,SIMPSON RACING,https://www.simpsonraceproducts.com/products/seats/pro_sport_bench_x3_and_xp/parts/SP303-510-305,SIMPSON RACING PRO SPORT REAR BENCH STD PRO SPORT BENCH X3 - BLACK/GRY,Can Am X3 - Black/Charcoal,In Stock,,,,,ADD TO CART
PART# 115,SIMPSON RACING,https://www.simpsonraceproducts.com/products/seats/seat_mounts/parts/115,SIMPSON UTV SEAT MOUNTS,Fits Polaris RZR,In Stock,Advertised Price $30.95,$30.95,$17.02,$13.93,ADD TO CART
PART# S108-305,SIMPSON RACING,https://www.simpsonraceproducts.com/products/seats/club_series/parts/S108-305,SIMPSON RACING CLUB SERIES SEAT,"16"" Large - Black Vinyl/Cloth - FIA 8855-1999",,Advertised Price $799.95,$799.95,$718.95,$81.00,
PART# S104-306,SIMPSON RACING,https://www.simpsonraceproducts.com/products/seats/vortex_ii_off-road_suspension_seats/parts/S104-306,SIMPSON RACING VORTEX II OFF-ROAD SUSPENSION SEAT,Black / Red,In Stock,,,,,ADD TO CART
PART# S104-307,SIMPSON RACING,https://www.simpsonraceproducts.com/products/seats/vortex_ii_off-road_suspension_seats/parts/S104-307,SIMPSON RACING VORTEX II OFF-ROAD SUSPENSION SEAT,Black / Blue,,,,,,
PART# S108-304,SIMPSON RACING,https://www.simpsonraceproducts.com/products/seats/club_series/parts/S108-304,SIMPSON RACING CLUB SERIES SEAT,"16"" Large - Black Cloth - FIA 8855-1999",In Stock,Advertised Price $699.95,$699.95,$628.95,$71.00,ADD TO CART
PART# 303-510-304,SIMPSON RACING,https://www.simpsonraceproducts.com/products/seats/vortex_ii_rear_bench_seat/parts/303-510-304,SIMPSON VORTEX II REAR BENCH SEAT,Can Am X3 - Black/Black,,,,,,
PART# 202D,SIMPSON RACING,https://www.simpsonraceproducts.com/products/seats/seat_mounts/parts/202D,SIMPSON UTV SEAT MOUNTS,Fits Yamaha YZX - Driver Side,In Stock,Advertised Price $99.65,$99.65,$54.81,$44.84,ADD TO CART
PART# 303-510-305,SIMPSON RACING,https://www.simpsonraceproducts.com/products/seats/vortex_ii_rear_bench_seat/parts/303-510-305,SIMPSON VORTEX II REAR BENCH SEAT,Can Am X3 - Black/Charcoal,,,,,,
PART# 502K,SIMPSON RACING,https://www.simpsonraceproducts.com/products/seats/seat_mounts/parts/502K,2019-2024 KAWASAKI TERYX KRX 1000 FRONT SEAT MOUNT,Fits 2019-2024 Kawasaki Teryx - Front,In Stock,Advertised Price $58.15,$58.15,$31.98,$26.17,ADD TO CART
PART# 202P,SIMPSON RACING,https://www.simpsonraceproducts.com/products/seats/seat_mounts/parts/202P,SIMPSON UTV SEAT MOUNTS,Fits Yamaha YZX - Passenger Side,In Stock,Advertised Price $99.65,$99.65,$54.81,$44.84,ADD TO CART
PART# 402D,SIMPSON RACING,https://www.simpsonraceproducts.com/products/seats/seat_mounts/parts/402D,SIMPSON UTV SEAT MOUNTS,Fits Honda Talon - Driver Side,In Stock,Advertised Price $128.95,$128.95,$70.95,$58.00,ADD TO CART
PART# SP107-510-305,SIMPSON RACING,https://www.simpsonraceproducts.com/products/seats/pro_sport_bench_x3_and_xp/parts/SP107-510-305,STD PRO SPORT BENCH XP - BLACK/GRY SIMPSON RACING PRO SPORT REAR BENCH,XP - Black/Charcoal,In Stock,,,,,ADD TO CART
PART# 303-510-307,SIMPSON RACING,https://www.simpsonraceproducts.com/products/seats/vortex_ii_rear_bench_seat/parts/303-510-307,SIMPSON VORTEX II REAR BENCH SEAT,Can Am X3 - Black/Blue,,,,,,
PART# 303-510-317,SIMPSON RACING,https://www.simpsonraceproducts.com/products/seats/vortex_ii_rear_bench_seat/parts/303-510-317,SIMPSON VORTEX II REAR BENCH SEAT,Can Am X3 - Black/Light Blue,,,,,,
PART# S108-307,SIMPSON RACING,https://www.simpsonraceproducts.com/products/seats/club_series/parts/S108-307,SIMPSON RACING CLUB SERIES SEAT,"17"" Xtra Large - Black Vinyl/Cloth - FIA 8855-1999",In Stock,Advertised Price $799.95,$799.95,$718.95,$81.00,ADD TO CART
PART# 111S,SIMPSON RACING,https://www.simpsonraceproducts.com/products/seats/seat_mounts/parts/111S,POLARIS RAZOR 200 SEAT MOUNTX,Fits Polaris RZR 200,In Stock,Advertised Price $57.05,$57.05,$31.38,$25.67,ADD TO CART
PART# 402P,SIMPSON RACING,https://www.simpsonraceproducts.com/products/seats/seat_mounts/parts/402P,SIMPSON UTV SEAT MOUNTS,Fits Honda Talon - Passenger Side,In Stock,Advertised Price $117.95,$117.95,$64.95,$53.00,ADD TO CART
PART# 2021B,SIMPSON RACING,https://www.simpsonraceproducts.com/products/seats/parts/2021B,SIMPSON RACING YXZ DOOR LATCH PADS BLACK/BLUE (PAIR),Black with blue embroidery,,,,,,
PART# H108-304,SIMPSON RACING,https://www.simpsonraceproducts.com/products/seats/seat_mounts/parts/H108-304,SIMPSON CLUB SERIES SEAT MOUNTS,"Steel - 6"" Max Height",In Stock,Advertised Price $112.95,$112.95,$101.65,$11.30,ADD TO CART
PART# 114R,SIMPSON RACING,https://www.simpsonraceproducts.com/products/seats/seat_mounts/parts/114R,SIMPSON UTV SEAT MOUNTS,Fits Polaris Pro XP (Rear),In Stock,,,,,ADD TO CART
PART# H108-204,SIMPSON RACING,https://www.simpsonraceproducts.com/products/seats/seat_mounts/parts/H108-204,SIMPSON CLUB SERIES SEAT MOUNTS,"Steel - 4"" Max Height",In Stock,Advertised Price $102.95,$102.95,$92.65,$10.30,ADD TO CART
PART# 2021G,SIMPSON RACING,https://www.simpsonraceproducts.com/products/seats/parts/2021G,SIMPSON RACING YXZ DOOR LATCH PADS BLACK/GREY (PAIR),Black with grey embroidery,,,,,,
PART# 402R,SIMPSON RACING,https://www.simpsonraceproducts.com/products/seats/seat_mounts/parts/402R,SIMPSON UTV SEAT MOUNTS,CLEARANCE ITEM / ALL SALES FINAL -,In Stock,Advertised Price $61.73,$61.73,$58.64,$3.09,ADD TO CART
PART# 110P,SIMPSON RACING,https://www.simpsonraceproducts.com/products/seats/seat_mounts/parts/110P,POLARIS RAZOR 170 PASSENGER SIDE SEAT MOUNT,Fits Polaris RZR 170 - Passenger Side,In Stock,Advertised Price $49.51,$49.51,$27.23,$22.28,ADD TO CART
PART# 2021K,SIMPSON RACING,https://www.simpsonraceproducts.com/products/seats/parts/2021K,SIMPSON RACING YXZ DOOR LATCH PADS BLACK/BLACK (PAIR),Black with black embroidery,,,,,,
PART# 2021R,SIMPSON RACING,https://www.simpsonraceproducts.com/products/seats/parts/2021R,SIMPSON RACING YXZ DOOR LATCH PADS BLACK/RED (PAIR),Black with red embroidery,In Stock,,,,,ADD TO CART
PART# 303-510-306,SIMPSON RACING,https://www.simpsonraceproducts.com/products/seats/vortex_ii_rear_bench_seat/parts/303-510-306,SIMPSON VORTEX II REAR BENCH SEAT,Can Am X3 - Black/Red,,,,,,
PART# SP107-510-304,SIMPSON RACING,https://www.simpsonraceproducts.com/products/seats/pro_sport_bench_x3_and_xp/parts/SP107-510-304,STD PRO SPORT BENCH XP - BLACK/BLACK SIMPSON RACING PRO SPORT REAR BENCH,XP - Black/Black,In Stock,,,,,ADD TO CART
