Title_URL,brand,Name_URL,Name,Description,product_in_stock,shipsfree,Price,primarybtn
PART# HXY2321,SIMPSON RACING,https://www.simpsonraceproducts.com/products/fire_suits/youth/one_piece_fire_suits/helix/parts/HXY2321,SIMPSON RACING HELIX YOUTH RACING SUIT,Youth Large - Black / Gray,In Stock,Free Shipping,,ADD TO CART
PART# LY22371,SIMPSON RACING,https://www.simpsonraceproducts.com/products/fire_suits/youth/one_piece_fire_suits/legend_ii/parts/LY22371,SIMPSON RACING LEGEND II YOUTH RACING SUIT,Large - Black/Black,In Stock,Free Shipping,,ADD TO CART
PART# LY22271,SIMPSON RACING,https://www.simpsonraceproducts.com/products/fire_suits/youth/one_piece_fire_suits/legend_ii/parts/LY22271,SIMPSON RACING LEGEND II YOUTH RACING SUIT,Medium - Black/Black,In Stock,Free Shipping,,ADD TO CART
PART# HXY2221,SIMPSON RACING,https://www.simpsonraceproducts.com/products/fire_suits/youth/one_piece_fire_suits/helix/parts/HXY2221,SIMPSON RACING HELIX YOUTH RACING SUIT,Youth Medium - Black / Gray,In Stock,Free Shipping,,ADD TO CART
PART# LY22071,SIMPSON RACING,https://www.simpsonraceproducts.com/products/fire_suits/youth/one_piece_fire_suits/legend_ii/parts/LY22071,SIMPSON RACING LEGEND II YOUTH RACING SUIT,X-Small - Black/Black,,Free Shipping,,
PART# HXY2421,SIMPSON RACING,https://www.simpsonraceproducts.com/products/fire_suits/youth/one_piece_fire_suits/helix/parts/HXY2421,SIMPSON RACING HELIX YOUTH RACING SUIT,Youth X-Large - Black / Gray,In Stock,Free Shipping,,ADD TO CART
PART# LY22171,SIMPSON RACING,https://www.simpsonraceproducts.com/products/fire_suits/youth/one_piece_fire_suits/legend_ii/parts/LY22171,SIMPSON RACING LEGEND II YOUTH RACING SUIT,Small - Black/Black,In Stock,Free Shipping,$162.95,ADD TO CART
PART# LY23371,SIMPSON RACING,https://www.simpsonraceproducts.com/products/fire_suits/youth/one_piece_fire_suits/legend_ii/parts/LY23371,SIMPSON RACING LEGEND II YOUTH RACING SUIT,Large - Black/Red,In Stock,Free Shipping,$158.95,ADD TO CART
PART# LY23171,SIMPSON RACING,https://www.simpsonraceproducts.com/products/fire_suits/youth/one_piece_fire_suits/legend_ii/parts/LY23171,SIMPSON RACING LEGEND II YOUTH RACING SUIT,Small - Black/Red,In Stock,Free Shipping,$162.95,ADD TO CART
PART# HXY2121,SIMPSON RACING,https://www.simpsonraceproducts.com/products/fire_suits/youth/one_piece_fire_suits/helix/parts/HXY2121,SIMPSON RACING HELIX YOUTH RACING SUIT,Youth Small - Black / Gray,In Stock,Free Shipping,$499.95,ADD TO CART
PART# LY22471,SIMPSON RACING,https://www.simpsonraceproducts.com/products/fire_suits/youth/one_piece_fire_suits/legend_ii/parts/LY22471,SIMPSON RACING LEGEND II YOUTH RACING SUIT,X-Large - Black/Black,In Stock,Free Shipping,$158.95,ADD TO CART
PART# LY23471,SIMPSON RACING,https://www.simpsonraceproducts.com/products/fire_suits/youth/one_piece_fire_suits/legend_ii/parts/LY23471,SIMPSON RACING LEGEND II YOUTH RACING SUIT,X-Large - Black/Red,In Stock,Free Shipping,$158.95,ADD TO CART
PART# LK22274,SIMPSON RACING,https://www.simpsonraceproducts.com/products/fire_suits/youth/two_piece_fire_suits/jackets/parts/LK22274,SIMPSON RACING LEGEND II KIDS SFI-1 DRIVING JACKET,Medium,,Free Shipping,$115.95,
PART# LY23071,SIMPSON RACING,https://www.simpsonraceproducts.com/products/fire_suits/youth/one_piece_fire_suits/legend_ii/parts/LY23071,SIMPSON RACING LEGEND II YOUTH RACING SUIT,X-Small - Black/Red,In Stock,Free Shipping,$162.95,ADD TO CART
PART# LY23271,SIMPSON RACING,https://www.simpsonraceproducts.com/products/fire_suits/youth/one_piece_fire_suits/legend_ii/parts/LY23271,SIMPSON RACING LEGEND II YOUTH RACING SUIT,Medium - Black/Red,In Stock,Free Shipping,$162.95,ADD TO CART
PART# LK22374,SIMPSON RACING,https://www.simpsonraceproducts.com/products/fire_suits/youth/two_piece_fire_suits/jackets/parts/LK22374,SIMPSON RACING LEGEND II KIDS SFI-1 DRIVING JACKET,Large,,Free Shipping,$115.95,
PART# LK22373,SIMPSON RACING,https://www.simpsonraceproducts.com/products/fire_suits/youth/two_piece_fire_suits/pants/parts/LK22373,SIMPSON RACING LEGEND II KIDS SFI-1 DRIVING PANTS,Large,In Stock,,$93.25,ADD TO CART
PART# HXY2021,SIMPSON RACING,https://www.simpsonraceproducts.com/products/fire_suits/youth/one_piece_fire_suits/helix/parts/HXY2021,SIMPSON RACING HELIX YOUTH RACING SUIT,Youth X-Small - Black / Gray,In Stock,Free Shipping,$499.95,ADD TO CART
PART# LK22174,SIMPSON RACING,https://www.simpsonraceproducts.com/products/fire_suits/youth/two_piece_fire_suits/jackets/parts/LK22174,SIMPSON RACING LEGEND II KIDS SFI-1 DRIVING JACKET,Small,In Stock,Free Shipping,$115.95,ADD TO CART
PART# LK22074,SIMPSON RACING,https://www.simpsonraceproducts.com/products/fire_suits/youth/two_piece_fire_suits/jackets/parts/LK22074,SIMPSON RACING LEGEND II KIDS SFI-1 DRIVING JACKET,XS,In Stock,Free Shipping,$115.95,ADD TO CART
PART# LK22273,SIMPSON RACING,https://www.simpsonraceproducts.com/products/fire_suits/youth/two_piece_fire_suits/pants/parts/LK22273,SIMPSON RACING LEGEND II KIDS SFI-1 DRIVING PANTS,Medium,,,$93.25,
PART# LK22973,SIMPSON RACING,https://www.simpsonraceproducts.com/products/fire_suits/youth/two_piece_fire_suits/pants/parts/LK22973,SIMPSON RACING LEGEND II KIDS SFI-1 DRIVING PANTS,XX-Small,In Stock,,$93.25,ADD TO CART
PART# LK22974,SIMPSON RACING,https://www.simpsonraceproducts.com/products/fire_suits/youth/two_piece_fire_suits/jackets/parts/LK22974,SIMPSON RACING LEGEND II KIDS SFI-1 DRIVING JACKET,XX-Small,In Stock,Free Shipping,$115.95,ADD TO CART
PART# LK22173,SIMPSON RACING,https://www.simpsonraceproducts.com/products/fire_suits/youth/two_piece_fire_suits/pants/parts/LK22173,SIMPSON RACING LEGEND II KIDS SFI-1 DRIVING PANTS,Small,In Stock,,$93.25,ADD TO CART
PART# LK22073,SIMPSON RACING,https://www.simpsonraceproducts.com/products/fire_suits/youth/two_piece_fire_suits/pants/parts/LK22073,SIMPSON RACING LEGEND II KIDS SFI-1 DRIVING PANTS,XS,In Stock,,$93.25,ADD TO CART
